ID,Name,Lat,Lon,Archive,Proxy,minYear,maxYear,Resolution,First Author,Publication Year,CiteKey,inComposites
Afr_004,Africa-LakeTanganyi.Tierney.2010,-6.03,28.53,lake sediment,alkenone,504,1986, 21,Tierney,2010,tierney2010late,yes
Afr_005,Africa-Malawi.Powers.2011,-10.0033,34.2883,lake sediment,TEX86,1283,1996, 18,Powers,2011,powers2011organic,yes
Afr_012,Africa-ColdAirCave.Sundqvist.2013,-24,29.18,speleothem,d18O,1635,1992,  1,Sundqvist,2013,sundqvist2013evidence,yes
Ant_001,Ant-TalosDome.Stenni.2002,-72.8,159.06,glacier ice,dD,1232,1994,  1,Stenni,2002,stenni2002eight,yes
Ant_002,Ant-DSS.Moy.2012,-66.77,112.807,glacier ice,d18O,173,1994,  1,Moy,2016,moy2016annual,yes
Ant_003,Ant-PlateauRemot.Cole-Dai.1996,-84,43,glacier ice,d18O,2,1985,  1,Ahmed,2013,ahmed2013continental,yes
Ant_004,Ant-CoastalDML.Thamban.2006,-70.86,11.54,glacier ice,d18O,1533,1993,  1,Thamban,2012,thamban2012antarctic,yes
Ant_005,Ant-SiteDML05.Graf.2000,-75,-0.01,glacier ice,d18O,166,1995,  1,Graf W.,2002,graf2002continental,yes
Ant_006,Ant-WDC05A.Steig.2013,-79.46,-112.09,glacier ice,d18O,786,2004,  1,Steig,2013,steig2013recent,yes
Ant_007,Ant-WDC06A.Steig.2013,-79.46,-112.09,glacier ice,d18O,-50,2006,<1,Steig,2013,steig2013recent,yes
Ant_008,Ant-USITASE20001.Steig.2013,-79.3838,-111.24,glacier ice,d18O,1673,2001,<1,Steig,2013,steig2013recent,yes
Ant_010,Ant-JamesRossIsl.Mulvaney.2012,-64.2017,-57.685,glacier ice,dD,-1,2006,  1,Abram,2013,abram2013acceleration,yes
Ant_011,Ant-SipleStation.Mosley-Thompson.1990,-75.92,-84.25,glacier ice,d18O,1417,1982,  1,Ahmed,2013,ahmed2013continental,yes
Ant_012,Ant-BerknerIslan.Mulvaney.2002,-79.57,-45.72,glacier ice,d18O,1000,1992,  1,Ruth,2004,ruth2004comprehensive,yes
Ant_013,Ant-DomeC.Jouzel.2001,-75.1,123.39,glacier ice,dD,3,1910, 14,Jouzel,2001,jouzel2001a,yes
Ant_014,Ant-DomeC.Stenni.2001,-75.1,123.39,glacier ice,d18O,3,1910, 14,Stenni,2001,stenni2001an,yes
Ant_015,Ant-DomeF.Horiuchi.2008,-77.32,39.7,glacier ice,d18O,695,1869, 10,Horiuchi,2008,horiuchi2008ice,yes
Ant_016,Ant-DomeF.Watanabe.1997,-77.32,39.7,glacier ice,d18O,424,1462,  4,Motizuki,2014,motizuki2014dating,yes
Ant_017,Ant-Ferrigno.Thomas.2013,-74.57,-86.9,glacier ice,dD,1703,2010,  1,Thomas,2013,thomas2013a,yes
Ant_018,Ant-LawDomeBoreholeReconstruction,-66.7697,112.8069,borehole,,-5502,1995, 94,Dahl-Jensen,1999,dahl1999monte,no
Ant_019,Ant-MES.Bertler.2012,-77.515,167.6765,glacier ice,dD,1473,2007,<1,Rhodes,2012,rhodes2012little,yes
Ant_020,Ant-SiteDML07.Graf.2000,-75.58,-3.43,glacier ice,d18O,1000,1994,  1,Graf W.,2000,graf2000glacio,yes
Ant_021,Ant-SiteDML17.Graf.2000,-75.17,6.5,glacier ice,d18O,1000,1996,  1,Graf W.,2000,graf2000glacio,yes
Ant_022,Ant-TALDICE.Stenni.2011,-72.82,159.18,glacier ice,d18O,4,1987, 12,Stenni,2010,stenni2010expression,yes
Ant_023,Ant-TaylorDome.Steig.2000,-77.78,158.72,glacier ice,d18O,-25,1938,  2,Steig,2000,steig2000wisconsinan,yes
Ant_024,Ant-USITASE20024.Steig.2013,-86.5,-107.99,glacier ice,d18O,1594,2003,<1,Steig,2013,steig2013recent,yes
Ant_025,Ant-VLG.Bertler.2011,-77.3302,162.5332,glacier ice,dD,1140,1999,  1,Bertler,2011,bertler2011cold,yes
Ant_026,Ant-Vostok.Ekaykin.2014,-78.2785,104.8005,glacier ice,dD,1654,2010,  1,Ekaykin,2014,ekaykin2014multiple,yes
Ant_027,Ant-WDC05ABoreholeTreconstruction,-79.463,-112.125,borehole,,9,2007,  1,Orsi,2012,orsi2012little,no
Ant_028,Ant-WDC06A.Steig.2013,-79.46,-112.09,glacier ice,dD,-50,2006,<1,Steig,2013,steig2013recent,yes
Arc_003,Arc-Avam-Taimyr.Briffa.2008,72,101,tree,TRW,-1,2000,  1,Briffa,2008,briffa2008trends,yes
Arc_004,Arc-Cook2009,81.35,-69.53,lake sediment,massacum,-1,2000,  1,Cook,2008,cook2008five,yes
Arc_007,Arc-GulfofAlaska.Gregory.2014,61.03,-146.59,tree,TRW,800,2010,  1,Wiles,2014,wiles2014surface,yes
Arc_011,Arc-GISP2.Grootes.1997,72.1,-38.08,glacier ice,d18O,818,1987,  1,Grootes,1997,grootes1997oxygen,yes
Arc_016,Arc-Indigurka.Hughes.1999,69.5,147,tree,TRW,1259,1994,  1,Hughes,1999,hughes1999twentieth,yes
Arc_018,Arc-Austfonna.Isaksson.2005,79.83,24.02,glacier ice,d18O,1400,1998,  1,ISAKSSON,2005,isaksson2005climate,yes
Arc_020,Arc-Lamoureux1996,82.13,-77.15,lake sediment,,-1,1987,  1,Lamoureux,1996,lamoureux1996a,yes
Arc_022,Arc-Larsen2011,64.6,-19.8,lake sediment,,-1,2000,  1,Larsen,2011,larsen2011a,yes
Arc_024,Arc-LenaRiver.MacDonald.1998,70.67,125.87,tree,TRW,1490,1994,  1,MacDonald,1998,macdonald1998a,yes
Arc_025,Arc-LakeDonardBa.Moore.2001,66.73,-61.35,lake sediment,varve,752,1992,  1,Moore,2001,moore2001little,yes
Arc_027,Arc-NGTB16.Fischer.1998,73.94,-37.63,glacier ice,d18O,1478,1992,  1,Fischer,1998,fischer1998little,yes
Arc_028,Arc-NGTB18.Fischer.1998,76.62,-36.4,glacier ice,d18O,871,1992,  1,Fischer,1998,fischer1998little,yes
Arc_029,Arc-NGTB21.Fischer.1998,80,-41.14,glacier ice,d18O,1397,1993,  1,Fischer,1998,fischer1998little,yes
Arc_030,Arc-Thomas2008,69.87,-68.83,lake sediment,,971,2000,  1,Thomas,2008,thomas2008climate,yes
Arc_032,Arc-NGRIP1.Vinther.2006,75.1,-42.32,glacier ice,d18O,-1,1995,  1,Vinther,2006,vinther2006a,yes
Arc_033,Arc-Agassiz.Vinther.2008,80.7,-73.1,glacier ice,d18O,-1,1972,  1,Vinther,2008,vinther2008synchronizing,yes
Arc_034,Arc-Crete.Vinther.2010,71.12,-37.32,glacier ice,d18O,553,1973,  1,Vinther,2010,vinther2010climatic,yes
Arc_035,Arc-Dye.Vinther.2010,65.18,-43.83,glacier ice,d18O,1,1978,  1,Vinther,2010,vinther2010climatic,yes
Arc_036,Arc-GRIP.Vinther.2010,72.58,-37.64,glacier ice,d18O,1,1979,  1,Vinther,2010,vinther2010climatic,yes
Arc_037,Arc-Iceland.Bergthorsson.1969,64.77,-18.37,documents,historic,945,1935, 30,Bergthorsson,1969,bergthorsson1969an,yes
Arc_040,Arc-Clegg2010,61.35,-143.6,lake sediment,,-718,1963, 36,Clegg,2010,clegg2010six,yes
Arc_041,Arc-HudsonLake.Clegg.2011,61.9,-145.66,lake sediment,midge,-837,1997, 47,Barley,2006,barley2006a,yes
Arc_042,Arc-ScreamingLynx.Clegg.2011,66.07,-145.4,lake sediment,midge,-1067,1988, 51,Barley,2006,barley2006a,yes
Arc_043,Arc-BrayaSo.DAndrea.2011,67,-50.7,lake sediment,alkenone,-998,1999, 29,D'Andrea,2011,d2011abrupt,yes
Arc_044,Arc-Fisher1983,75.33,-82.5,glacier ice,d18O,1,1971,  5,Fisher,1983,fisher1983effect,yes
Arc_045,Arc-PennyIceCapP.Fisher.1998,67.25,-66.75,glacier ice,d18O,5,1980, 25,Fisher,1998,fisher1998penny,yes
Arc_051,Arc-LakePieni-Ka.Luoto.2010,64.28,30.12,lake sediment,chironomid,462,1979, 44,Luoto,2010,luoto2010palaeoclimatological,yes
Arc_053,Arc-PennyIceCapP.Okuyama.2003,67.25,-66.75,glacier ice,melt,9,1984, 25,Okuyama,2003,okuyama2003physical,yes
Arc_054,Arc-Lake4.Rolland.2009,65.1,-83.79,lake sediment,chironomid,634,1997, 50,Birks,1998,birks1998d,yes
Arc_059,Arc-Renland.Vinther.2008,71.27,-26.73,glacier ice,d18O,3,1983,  5,Vinther,2008,vinther2008synchronizing,yes
Arc_060,Arc-Anchukaitis.2013.Coppermine,-115.55,67.14,tree,MXD,1551,2003,  1,Anchukaitis,2013,anchukaitis2013tree,yes
Arc_061,Arc-Schneider.2015.PolarUrals,65.4,66.51,tree,TRW,891,2006,  1,Schneider,2015,schneider2015revising,yes
Arc_063,Arc-Zhang.Jamtland.2016,63.2475,13.3375,tree,MXD,783,2011,  1,Zhang,2016,zhang20161200,yes
Arc_064,Arc-AkademiiNauk.Opel.2013,80.52,94.82,glacier ice,d18O,900,1998,  1,Opel,2013,opel2013eurasian,yes
Arc_065,Arc-Arjeplog.Bjorklund.2014,66.3,18.2,tree,MXD,1200,2010,  1,Björklund,2014,bjorklund2014blue,yes
Arc_066,Arc-Armarnaes.Bjorkelund.2013,65.9,16.1,tree,MXD,1550,2010,  1,Björklund,2012,bjorklund2012advances,yes
Arc_067,Arc-HalletLake.McKay.2008,61.5,-146.2,lake sediment,BSi,116,2005, 11,McKay,2008,mckay2008biogenic,yes
Arc_068,Arc-Kittelfjall.Bjorkelund.2013,65.2,15.5,tree,MXD,1550,2007,  1,Björklund,2012,bjorklund2012advances,yes
Arc_069,Arc-Kongressvatn.DAndrea.2012,78.0217,13.9311,lake sediment,alkenone,232,2008, 10,D'Andrea,2012,d2012mild,yes
Arc_070,Arc-LakeE.DAndrea.2011,67,-50.7,lake sediment,alkenone,-3642,1876, 19,D'Andrea,2011,d2011abrupt,yes
Arc_071,Arc-Lindholm2010Fennoscandia,65.0952,63.4091,lake sediment,,745,2007,  1,Lindholm,2010,lindholm2010the,yes
Arc_072,Arc-Lomonosovfon.Divine.2013,78.8647,17.425,glacier ice,d18O,769,1997,  1,Divine,2011,divine2011thousand,yes
Arc_073,Arc-MackenzieDelta.Porter.2013,68.625,-133.87,tree,TRW,1245,2007,  1,Porter,2013,porter2013a,yes
Arc_074,Arc-McCarrol.Forfjordalen.2013,69.08,17.22,tree,,1100,2007,  1,McCarroll,2013,mccarroll2013a,yes
Arc_075,Arc-PrinceOfWales.Kinnard.2011,78.4,-80.4,glacier ice,,151,1995,  1,Kinnard,2011,kinnard2011reconstructed,yes
Arc_076,Arc-SoperLakeBaf.Hughen.2000,62.917,-69.883,lake sediment,varve,1514,1992,  1,Hughen,2000,hughen2000recent,yes
Arc_077,Arc-Tjeggelvas.Bjorkelund.2013,66.6,17.6,tree,MXD,1550,2010,  1,Björklund,2012,bjorklund2012advances,yes
Arc_078,Arc-WindyDome.2010.Kinnard,81,64,glacier ice,d18O,1225,1995,  1,Kinnard,2011,kinnard2011reconstructed,yes
Arc_079,Arc-Yamalia.Briffa.2013,68.4,66.85,tree,TRW,914,2003,  1,Briffa,2013,briffa2013reassessing,yes
Asi_001,Asia-Aktru2.Panyushkina.2005,50.08,87.77,tree,TRW,1495,1998,  1,Panyushkina,2005,panyushkina2005mixed,yes
Asi_002,Asia-Djaz.Magda.2011,49.62,88.1,tree,TRW,1561,2000,  1,Magda,2011,magda2011extraction,yes
Asi_003,Asia-Jabe.Ovchinnikov.2000,50.87,85.23,tree,TRW,1568,1995,  1,Ovtchinnikov,2000,ovtchinnikov2000an,yes
Asi_004,Asia-Kur2.Magda.2011,50.3,87.83,tree,TRW,1538,2000,  1,Magda,2011,magda2011extraction,yes
Asi_005,Asia-Kur3.Magda.2011,50.27,87.83,tree,TRW,1497,2000,  1,Magda,2011,magda2011extraction,yes
Asi_006,Asia-MS.Magda.2011,49.72,87.28,tree,TRW,1542,2000,  1,Magda,2011,magda2011extraction,yes
Asi_007,Asia-Korumdu.Panyushkina.2005,50.14,87.72,tree,TRW,1418,1999,  1,Panyushkina,2005,panyushkina2005mixed,yes
Asi_008,Asia-Tut2.Magda.2011,50.12,87.92,tree,TRW,1554,2000,  1,Magda,2011,magda2011extraction,yes
Asi_009,Asia-Ugla.Panyushkina.2005,50.48,87.67,tree,TRW,1550,1995,  1,Panyushkina,2005,panyushkina2005mixed,yes
Asi_010,Asia-Ulagan.Magda.2011,50.68,87.97,tree,TRW,1555,2000,  1,Magda,2011,magda2011extraction,yes
Asi_011,Asia-UULTRW,50.48,87.65,tree,TRW,1581,1994,  1,Briffa,2002,briffa2002tree,yes
Asi_012,Asia-UULEWW,50.48,87.65,tree,TRW,1581,1994,  1,Briffa,2002,briffa2002tree,yes
Asi_013,Asia-UULLWW,50.48,87.65,tree,TRW,1581,1994,  1,Briffa,2002,briffa2002tree,yes
Asi_014,Asia-UULEWD,50.48,87.65,tree,TRW,1581,1994,  1,Briffa,2002,briffa2002tree,yes
Asi_015,Asia-UULLWD,50.48,87.65,tree,TRW,1581,1994,  1,Briffa,2002,briffa2002tree,yes
Asi_016,Asia-UULMND,50.48,87.65,tree,TRW,1581,1994,  1,Briffa,2002,briffa2002tree,yes
Asi_017,Asia-UULMXD,50.48,87.65,tree,TRW,1581,1994,  1,Briffa,2002,briffa2002tree,yes
Asi_018,Asia-UKHTRW,50.15,85.37,tree,TRW,1581,1994,  1,Briffa,2002,briffa2002tree,yes
Asi_019,Asia-UKHEWW,50.15,85.37,tree,TRW,1581,1994,  1,Briffa,2002,briffa2002tree,yes
Asi_020,Asia-UKHLWW,50.15,85.37,tree,TRW,1581,1994,  1,Briffa,2002,briffa2002tree,yes
Asi_021,Asia-UKHEWD,50.15,85.37,tree,TRW,1581,1994,  1,Briffa,2002,briffa2002tree,yes
Asi_022,Asia-UKHLWD,50.15,85.37,tree,TRW,1581,1994,  1,Briffa,2002,briffa2002tree,yes
Asi_023,Asia-UKHMND,50.15,85.37,tree,TRW,1581,1994,  1,Briffa,2002,briffa2002tree,yes
Asi_024,Asia-UKHMXD,50.15,85.37,tree,TRW,1581,1994,  1,Briffa,2002,briffa2002tree,yes
Asi_025,Asia-GAYTTD,27.58,90.65,tree,TRW,1294,2003,  1,Cook,2010,cook2010asian,yes
Asi_026,Asia-NASPTD,27.67,90.73,tree,TRW,1454,2003,  1,Cook,2010,cook2010asian,yes
Asi_027,Asia-PHUMTD,27.7,90.77,tree,TRW,1520,2003,  1,Cook,2010,cook2010asian,yes
Asi_028,Asia-ZACHTD,27.7,90.68,tree,TRW,1481,2003,  1,Cook,2010,cook2010asian,yes
Asi_029,Asia-BHUTTD,27.67,90.72,tree,TRW,1450,2003,  1,Cook,2012,cook2012tree,yes
Asi_030,Asia-CAMGSP,27.63,90.13,tree,TRW,1400,2005,  1,Cook,2010,cook2010asian,yes
Asi_031,Asia-DHURPS,27.58,90.65,tree,TRW,1280,2003,  1,Cook,2010,cook2010asian,yes
Asi_032,Asia-GEYZSP,27.42,90.97,tree,TRW,1457,2002,  1,Cook,2010,cook2010asian,yes
Asi_033,Asia-PEMBSP,27.25,89.38,tree,TRW,1484,2005,  1,Cook,2010,cook2010asian,yes
Asi_034,Asia-BHUTSP,27.45,90,tree,TRW,1280,2005,  1,Cook,2012,cook2012tree,yes
Asi_035,Asia-LAYAJR,27.95,89.75,tree,TRW,1453,2006,  1,Cook,2010,cook2010asian,yes
Asi_036,Asia-TSHEPS,27.45,90.15,tree,TRW,1456,2005,  1,Cook,2010,cook2010asian,yes
Asi_037,Asia-TSHETD,27.45,90.15,tree,TRW,1582,2006,  1,Cook,2010,cook2010asian,yes
Asi_038,Asia-TANSIC,30.23,100.27,tree,TRW,1306,2007,  1,Cook,2010,cook2010asian,yes
Asi_039,Asia-XCHSIC,28.98,99.93,tree,TRW,1380,2007,  1,Cook,2010,cook2010asian,yes
Asi_040,Asia-DAOSIC,29.28,100.08,tree,TRW,1540,2006,  1,Cook,2010,cook2010asian,yes
Asi_041,Asia-MAXSIC,29.15,99.93,tree,TRW,1509,2006,  1,Cook,2010,cook2010asian,yes
Asi_042,Asia-WXIYUN,27.33,99.3,tree,TRW,1348,2007,  1,Cook,2010,cook2010asian,yes
Asi_043,Asia-DEZQIN,34.75,100.82,tree,TRW,1287,2004,  1,Cook,2012,cook2012tree,yes
Asi_044,Asia-GOUQIN,34.73,100.8,tree,TRW,1346,2004,  1,Cook,2012,cook2012tree,yes
Asi_045,Asia-HEBQIN,34.73,100.78,tree,TRW,1475,2004,  1,Cook,2012,cook2012tree,yes
Asi_046,Asia-LAJQIN,34.72,100.72,tree,TRW,1446,2004,  1,Cook,2012,cook2012tree,yes
Asi_047,Asia-GHEGAN,37.93,101.53,tree,TRW,1288,2000,  1,Cook,2012,cook2012tree,yes
Asi_048,Asia-DULAJP,36.3,98.08,tree,TRW,159,1993,  1,Cook,2012,cook2012tree,yes
Asi_049,Asia-SHENJP,37,98.08,tree,TRW,840,1993,  1,Cook,2012,cook2012tree,yes
Asi_050,Asia-DUSHJP,36.65,98.08,tree,TRW,840,1993,  1,Cook,2012,cook2012tree,yes
Asi_051,Asia-MQAXJP,35.07,100.35,tree,TRW,1082,2001,  1,Cook,2012,cook2012tree,yes
Asi_052,Asia-MQBXJP,34.78,99.78,tree,TRW,470,2002,  1,Cook,2012,cook2012tree,yes
Asi_053,Asia-MQDXJP,34.72,99.67,tree,TRW,1163,2001,  1,Cook,2012,cook2012tree,yes
Asi_054,Asia-MQFXJP,34.75,99.68,tree,TRW,1230,2002,  1,Cook,2012,cook2012tree,yes
Asi_055,Asia-MQRXJP,34.75,99.68,tree,TRW,960,2002,  1,Cook,2012,cook2012tree,yes
Asi_056,Asia-TDAXJP,34.78,100.8,tree,TRW,1340,2002,  1,Cook,2012,cook2012tree,yes
Asi_057,Asia-TDBXJP,34.78,100.82,tree,TRW,1400,2002,  1,Cook,2012,cook2012tree,yes
Asi_058,Asia-HBLXJP,34.78,100.82,tree,TRW,1520,2002,  1,Cook,2012,cook2012tree,yes
Asi_059,Asia-HBMXJP,34.78,100.82,tree,TRW,1310,2002,  1,Cook,2012,cook2012tree,yes
Asi_060,Asia-HBHXJP,34.78,100.82,tree,TRW,1500,2002,  1,Cook,2012,cook2012tree,yes
Asi_061,Asia-BARELC,33.75,107.8,tree,TRW,1600,1992,  1,Cook,2012,cook2012tree,yes
Asi_062,Asia-HUASPI,34.48,110.08,tree,TRW,1540,1990,  1,Cook,2012,cook2012tree,yes
Asi_063,Asia-SANGTS,33.65,107.8,tree,TRW,1575,1992,  1,Cook,2012,cook2012tree,yes
Asi_064,Asia-BLKALS,43.85,93.3,tree,TRW,1571,2002,  1,Cook,2010,cook2010asian,yes
Asi_065,Asia-TIANMU,30.33,119.43,tree,TRW,1590,2007,  1,Cook,2012,cook2012tree,yes
Asi_066,Asia-WULANJ,37.03,98.68,tree,TRW,150,2000,  1,Cook,2012,cook2012tree,yes
Asi_067,Asia-QUMAJP,33.8,96.13,tree,TRW,1480,2002,  1,Cook,2012,cook2012tree,yes
Asi_068,Asia-ZHIDJP,33.72,96.28,tree,TRW,1374,2002,  1,Ningsheng Qin,2003,ningsheng2003climate,yes
Asi_069,Asia-ZHANGX,34.63,104.47,tree,TRW,1568,2006,  1,Cook,2010,cook2010asian,yes
Asi_070,Asia-XIANGC,28.9,99.75,tree,TRW,1452,2007,  1,Cook,2010,cook2010asian,yes
Asi_071,Asia-BAWSIC,31.78,101.92,tree,TRW,1575,2007,  1,Cook,2010,cook2010asian,yes
Asi_072,Asia-PTCYUN,27.37,99.37,tree,TRW,1498,2007,  1,Cook,2012,cook2012tree,yes
Asi_073,Asia-WEXYUN,27.33,99.3,tree,TRW,1348,2007,  1,Cook,2010,cook2010asian,yes
Asi_074,Asia-HXBURU,43.18,87.18,tree,TRW,1543,1993,  1,Cook,2012,cook2012tree,yes
Asi_075,Asia-DQHZHO,35,100.07,tree,TRW,1433,2004,  1,Cook,2012,cook2012tree,yes
Asi_076,Asia-SMASLY,27.62,99.8,tree,TRW,1516,2007,  1,Cook,2010,cook2010asian,yes
Asi_077,Asia-HYGJUP,38.7,99.68,tree,TRW,540,2006,  1,Cook,2012,cook2012tree,yes
Asi_078,Asia-MQACJP,35.07,100.35,tree,TRW,1082,2001,  1,Cook,2012,cook2012tree,yes
Asi_079,Asia-10GKP,27.58,99.35,tree,TRW,1429,2005,  1,Cook,2012,cook2012tree,yes
Asi_080,Asia-11YCT,27.58,99.28,tree,TRW,1542,2005,  1,Cook,2012,cook2012tree,yes
Asi_081,Asia-12YMA,28.03,99.02,tree,TRW,1489,2005,  1,Cook,2012,cook2012tree,yes
Asi_082,Asia-13YET,28.03,98.98,tree,TRW,1393,2005,  1,Cook,2012,cook2012tree,yes
Asi_083,Asia-22DLT,27.88,98.4,tree,TRW,1530,2005,  1,Cook,2012,cook2012tree,yes
Asi_084,Asia-DLH1,37.47,97.23,tree,TRW,843,2001,  1,Cook,2012,cook2012tree,yes
Asi_085,Asia-DLH2,37.47,97.22,tree,TRW,828,2001,  1,Cook,2012,cook2012tree,yes
Asi_086,Asia-DLH3,37.45,97.53,tree,TRW,404,2002,  1,Cook,2012,cook2012tree,yes
Asi_087,Asia-DLH4,37.43,98.05,tree,TRW,451,2002,  1,Cook,2012,cook2012tree,yes
Asi_088,Asia-DLH5,37.45,97.78,tree,TRW,711,2003,  1,Cook,2012,cook2012tree,yes
Asi_089,Asia-DLH6,37.52,97.05,tree,TRW,1237,2002,  1,Cook,2012,cook2012tree,yes
Asi_090,Asia-HSE,34.47,110.08,tree,TRW,1458,2005,  1,Cook,2012,cook2012tree,yes
Asi_091,Asia-HSS,34.47,110.08,tree,TRW,1512,2005,  1,Cook,2012,cook2012tree,yes
Asi_092,Asia-HSW,34.47,110.08,tree,TRW,1359,2005,  1,Cook,2012,cook2012tree,yes
Asi_093,Asia-QML,33.8,96.13,tree,TRW,1480,2002,  1,Cook,2012,cook2012tree,yes
Asi_094,Asia-TJ1,37.32,98.4,tree,TRW,943,2003,  1,Cook,2012,cook2012tree,yes
Asi_095,Asia-WL1,37.03,98.63,tree,TRW,857,2003,  1,Cook,2012,cook2012tree,yes
Asi_096,Asia-WL2,37.03,98.67,tree,TRW,845,2001,  1,Cook,2012,cook2012tree,yes
Asi_097,Asia-WL3,36.75,98.22,tree,TRW,681,2001,  1,Cook,2012,cook2012tree,yes
Asi_098,Asia-WL4,36.68,98.42,tree,TRW,900,2001,  1,Cook,2012,cook2012tree,yes
Asi_099,Asia-ZD31,32.67,95.72,tree,TRW,1290,2006,  1,Cook,2012,cook2012tree,yes
Asi_100,Asia-ZHD,33.72,96.28,tree,TRW,1374,2002,  1,Cook,2012,cook2012tree,yes
Asi_101,Asia-MUNATG,-5.5,123,tree,TRW,1565,2005,  1,Cook,2010,cook2010asian,yes
Asi_102,Asia-GANGCD,30.98,78.93,tree,TRW,1567,1999,  1,Cook,2012,cook2012tree,yes
Asi_103,Asia-RANGCD,33.08,76.43,tree,TRW,1388,2002,  1,Cook,2012,cook2012tree,yes
Asi_104,Asia-NARKAB,31.2,77.23,tree,TRW,1590,1990,  1,Cook,2012,cook2012tree,yes
Asi_105,Asia-NARANG,10.18,76.87,tree,TRW,1481,2003,  1,Cook,2012,cook2012tree,yes
Asi_106,Asia-KERALA,10,76.67,tree,TRW,1481,2003,  1,Cook,2012,cook2012tree,yes
Asi_107,Asia-JANCD,31.37,78.17,tree,TRW,1538,2004,  1,Cook,2012,cook2012tree,yes
Asi_108,Asia-MTASSP,43.77,142.55,tree,TRW,1532,1997,  1,Cook,2012,cook2012tree,yes
Asi_109,Asia-MTASMD,43.77,142.55,tree,TRW,1557,1997,  1,Cook,2012,cook2012tree,yes
Asi_110,Asia-KUNASH,43.88,145.6,tree,TRW,1585,2000,  1,Cook,2010,cook2010asian,yes
Asi_111,Asia-YKS,30.33,130.5,tree,TRW,1,1999,  1,Cook,2012,cook2012tree,yes
Asi_112,Asia-MSR,44.35,142.18,tree,TRW,1575,1999,  1,K Yasue and R Funada and K Fukazawa and J Ohtani,1997,k1997tree,yes
Asi_113,Asia-ONB,43.22,145.47,tree,TRW,1511,1998,  1,Cook,2012,cook2012tree,yes
Asi_114,Asia-SJT,35.73,138.22,tree,TRW,1540,2001,  1,Cook,2012,cook2012tree,yes
Asi_115,Asia-TKC,43.5,143.2,tree,TRW,1487,1997,  1,Cook,2012,cook2012tree,yes
Asi_116,Asia-TSO,44.95,142.12,tree,TRW,1500,1991,  1,K Yasue and R Funada and K Fukazawa and J Ohtani,1997,k1997tree,yes
Asi_117,Asia-YKCOM,30.37,130.53,tree,TRW,1080,2005,  1,Cook,2012,cook2012tree,yes
Asi_118,Asia-YKA,30.37,130.53,tree,TRW,1080,2002,  1,Cook,2012,cook2012tree,yes
Asi_119,Asia-YKC,30.33,130.45,tree,TRW,1141,2005,  1,Cook,2012,cook2012tree,yes
Asi_120,Asia-KMD,33.73,133.12,tree,TRW,1600,2001,  1,Cook,2012,cook2012tree,yes
Asi_121,Asia-BONKJT,40.17,72.58,tree,TRW,1346,1995,  1,Esper,2007,esper2007uniform,yes
Asi_122,Asia-GEFKJT,40.17,72.58,tree,TRW,1591,1995,  1,Esper,2006,esper2006uniform,yes
Asi_123,Asia-GRAKJT,40.17,72.58,tree,TRW,1378,1995,  1,Esper,2006,esper2006uniform,yes
Asi_124,Asia-HOCKJT,40.17,72.58,tree,TRW,1316,1995,  1,Esper,2006,esper2006uniform,yes
Asi_125,Asia-MURKJT,40.17,72.58,tree,TRW,1157,1995,  1,Esper J,2007,esper2007uniform,yes
Asi_126,Asia-AJTMJT,40.2,72.58,tree,TRW,1420,1995,  1,Cook,2012,cook2012tree,yes
Asi_127,Asia-KJTRJT,39.92,71.47,tree,TRW,1019,1995,  1,Cook,2012,cook2012tree,yes
Asi_128,Asia-MJTQJT,40.17,72.62,tree,TRW,1427,1995,  1,Cook,2012,cook2012tree,yes
Asi_129,Asia-XJTCJT,39.83,71.5,tree,TRW,694,1995,  1,Shiyatov,,shiyatovxjtcjt,yes
Asi_130,Asia-SHIYAT,39.83,71.5,tree,TRW,870,1995,  1,Cook,2012,cook2012tree,yes
Asi_131,Asia-ESPERG,40.17,72.58,tree,TRW,1340,1995,  1,Cook,2012,cook2012tree,yes
Asi_132,Asia-SHIESP,39.83,71.5,tree,TRW,1340,1995,  1,Cook,2012,cook2012tree,yes
Asi_133,Asia-KRNKAM,55,160.5,tree,TRW,1580,2001,  1,M Sano and F Furuta and T Sweda,2009,m2009tree,yes
Asi_134,Asia-ULKEPS,43.35,77.35,tree,TRW,1570,2001,  1,Panyushkina,2010,panyushkina2010first,yes
Asi_135,Asia-KOELIU,42.2,79.05,tree,TRW,1450,2005,  1,Cook,2012,cook2012tree,yes
Asi_136,Asia-ENGILC,42.15,79.47,tree,TRW,1301,2005,  1,Cook,2012,cook2012tree,yes
Asi_137,Asia-KOKKIY,42.42,78.97,tree,TRW,1551,2005,  1,Cook,2012,cook2012tree,yes
Asi_138,Asia-NANENG,42.15,79.45,tree,TRW,1528,2005,  1,Cook,2012,cook2012tree,yes
Asi_139,Asia-ANKHLS,48.6,88.37,tree,TRW,1469,2004,  1,Cook,2010,cook2010asian,yes
Asi_140,Asia-BAYHLS,46.32,101.32,tree,TRW,1599,2001,  1,Cook,2010,cook2010asian,yes
Asi_141,Asia-BIGELS,49.97,91,tree,TRW,1350,2005,  1,Cook,2010,cook2010asian,yes
Asi_142,Asia-BIARLS,49.97,90.98,tree,TRW,1519,2005,  1,Cook,2010,cook2010asian,yes
Asi_143,Asia-BULGLS,47.1,90.97,tree,TRW,1375,2004,  1,Cook,2010,cook2010asian,yes
Asi_144,Asia-DAYNLS,48.27,88.87,tree,TRW,1537,2005,  1,Cook,2010,cook2010asian,yes
Asi_145,Asia-HENTLS,48.35,107.47,tree,TRW,996,2002,  1,Cook,2010,cook2010asian,yes
Asi_146,Asia-HORBLS,49.37,94.88,tree,TRW,1550,1997,  1,Cook,2010,cook2010asian,yes
Asi_147,Asia-KHELLS,49.92,91.57,tree,TRW,1326,1998,  1,Cook,2012,cook2012tree,yes
Asi_148,Asia-KHOGLS,48.17,99.87,tree,TRW,1340,2000,  1,Cook,2012,cook2012tree,yes
Asi_149,Asia-KHOTLS,48.5,88.5,tree,TRW,1215,2004,  1,Cook,2010,cook2010asian,yes
Asi_150,Asia-KHOVLS,48.7,88.8,tree,TRW,1565,2004,  1,Cook,2010,cook2010asian,yes
Asi_151,Asia-MANDLS,46.82,100.12,tree,TRW,1411,2002,  1,Cook,2010,cook2010asian,yes
Asi_152,Asia-MANHPS,47.77,107,tree,TRW,1506,1994,  1,Cook,2012,cook2012tree,yes
Asi_153,Asia-ONONLS,48.83,111.68,tree,TRW,1576,2001,  1,Cook,2010,cook2010asian,yes
Asi_154,Asia-OVOOLS,49.87,91.43,tree,TRW,1249,1998,  1,Cook,2010,cook2010asian,yes
Asi_155,Asia-SODAPS,48.3,98.93,tree,TRW,46,1999,  1,Cook,2012,cook2012tree,yes
Asi_156,Asia-SPKRLS,49.38,94.88,tree,TRW,1432,1998,  1,Cook,2010,cook2010asian,yes
Asi_157,Asia-SUBALS,47.27,100.03,tree,TRW,1363,1999,  1,Cook,2012,cook2012tree,yes
Asi_158,Asia-SUMELS,47.43,100.42,tree,TRW,1557,2002,  1,Cook,2012,cook2012tree,yes
Asi_159,Asia-TUCHLS,49.7,91.55,tree,TRW,1570,1995,  1,Cook,2012,cook2012tree,yes
Asi_160,Asia-UNDULS,48.98,103.22,tree,TRW,1511,2002,  1,Davi,2006,davi2006extension,yes
Asi_161,Asia-ZMGLPS,48.25,97.4,tree,TRW,1516,1998,  1,Cook,2010,cook2010asian,yes
Asi_162,Asia-ZNMDLS,47.78,107.5,tree,TRW,1582,1996,  1,Davi,2006,davi2006extension,yes
Asi_163,Asia-ZSMDLS,48.13,100.27,tree,TRW,1513,2001,  1,Davi,2006,davi2006extension,yes
Asi_164,Asia-ZURTLS,46.52,100.95,tree,TRW,1340,2002,  1,Cook,2010,cook2010asian,yes
Asi_165,Asia-Hushre,46.78,101.95,tree,TRW,1503,2009,  1,Cook,2012,cook2012tree,yes
Asi_166,Asia-TERELJ,47.95,107.45,tree,TRW,1590,2002,  1,Cook,2012,cook2012tree,yes
Asi_167,Asia-AGHERI,29.48,82.08,tree,TRW,1420,1997,  1,Cook,2012,cook2012tree,yes
Asi_168,Asia-BHULJR,27.7,86.45,tree,TRW,1417,1998,  1,Cook,2012,cook2012tree,yes
Asi_169,Asia-CHDAND,27.7,86.28,tree,TRW,1546,1998,  1,Cook,2012,cook2012tree,yes
Asi_170,Asia-DEORLA,28.38,83.7,tree,TRW,1395,1997,  1,Cook,2012,cook2012tree,yes
Asi_171,Asia-DDANJR,27.73,86.33,tree,TRW,1445,1998,  1,Cook,2012,cook2012tree,yes
Asi_172,Asia-GHURCH,29.47,82.12,tree,TRW,1530,1997,  1,Cook,2012,cook2012tree,yes
Asi_173,Asia-KATKUW,29.52,82.03,tree,TRW,1566,1997,  1,Cook,2012,cook2012tree,yes
Asi_174,Asia-LANGTD,28.18,85.43,tree,TRW,1559,1994,  1,Cook,2012,cook2012tree,yes
Asi_175,Asia-LUKUTD,27.78,87.27,tree,TRW,856,1996,  1,Cook,2012,cook2012tree,yes
Asi_176,Asia-MUMBAS,27.67,87.2,tree,TRW,1546,1996,  1,Cook,2012,cook2012tree,yes
Asi_177,Asia-RACHAS,27.73,87.2,tree,TRW,1509,1996,  1,Cook,2012,cook2012tree,yes
Asi_178,Asia-BURGPW,28.77,83.73,tree,TRW,1303,1996,  1,Cook,2012,cook2012tree,yes
Asi_179,Asia-GHUNAB,27.5,88.02,tree,TRW,1525,1999,  1,Cook,2012,cook2012tree,yes
Asi_180,Asia-LAMIAB,27.5,87.98,tree,TRW,1561,1999,  1,Cook,2012,cook2012tree,yes
Asi_181,Asia-YAKHTD,27.83,88.02,tree,TRW,1500,1999,  1,Cook,2010,cook2010asian,yes
Asi_182,Asia-ENEPAB,27.73,87.2,tree,TRW,1509,1999,  1,Cook,2012,cook2012tree,yes
Asi_183,Asia-ESPPAK,35.17,75.5,tree,TRW,700,1993,  1,Cook,2012,cook2012tree,yes
Asi_184,Asia-ASTABP,35.33,74.8,tree,TRW,1505,2005,  1,Cook,2012,cook2012tree,yes
Asi_185,Asia-ASTPIW,35.33,74.8,tree,TRW,1317,2005,  1,Cook,2012,cook2012tree,yes
Asi_186,Asia-BAG1JU,36.03,74.58,tree,TRW,1593,1993,  1,Esper,2006,esper2006uniform,yes
Asi_187,Asia-BAG2JU,36.03,74.58,tree,TRW,1369,1993,  1,Esper,2006,esper2006uniform,yes
Asi_188,Asia-BAG4JU,36.03,74.58,tree,TRW,1438,1993,  1,Esper,2006,esper2006uniform,yes
Asi_189,Asia-BAG5JU,36.03,74.58,tree,TRW,1240,1993,  1,Esper,2006,esper2006uniform,yes
Asi_190,Asia-BUKCDD,35.68,71.63,tree,TRW,1411,2006,  1,Cook,2012,cook2012tree,yes
Asi_191,Asia-BUKPIG,35.68,71.63,tree,TRW,1403,2006,  1,Cook,2012,cook2012tree,yes
Asi_192,Asia-CGPCDD,35.9,71.73,tree,TRW,1537,2006,  1,Cook,2012,cook2012tree,yes
Asi_193,Asia-CGPPIG,35.9,71.73,tree,TRW,1260,2006,  1,Cook,2012,cook2012tree,yes
Asi_194,Asia-CHEPCS,35.03,74.58,tree,TRW,1394,2005,  1,Cook,2012,cook2012tree,yes
Asi_195,Asia-CHP2JU,36.33,74.03,tree,TRW,1032,1993,  1,Esper,2006,esper2006uniform,yes
Asi_196,Asia-CHP3JU,36.33,74.03,tree,TRW,1141,1993,  1,Esper,2006,esper2006uniform,yes
Asi_197,Asia-DskJUE,35.45,74.78,tree,TRW,1290,2007,  1,Cook,2012,cook2012tree,yes
Asi_198,Asia-ISBCDD,35.35,71.93,tree,TRW,1511,2006,  1,Cook,2012,cook2012tree,yes
Asi_199,Asia-JOTPIG,35.4,74.12,tree,TRW,1559,2007,  1,Cook,2012,cook2012tree,yes
Asi_200,Asia-JUTPCS,35.83,74.33,tree,TRW,1523,2008,  1,Cook,2012,cook2012tree,yes
Asi_201,Asia-KARPCS,35.88,74.18,tree,TRW,1574,2008,  1,Cook,2012,cook2012tree,yes
Asi_202,Asia-MOR1JU,36.58,75.08,tree,TRW,476,1990,  1,Esper,2006,esper2006uniform,yes
Asi_203,Asia-MOR2JU,36.58,75.08,tree,TRW,968,1990,  1,Esper,2006,esper2006uniform,yes
Asi_204,Asia-MOR3JU,36.58,75.08,tree,TRW,554,1990,  1,Esper,2006,esper2006uniform,yes
Asi_205,Asia-MOR4JU,36.58,75.08,tree,TRW,1069,1990,  1,Esper,2006,esper2006uniform,yes
Asi_206,Asia-MSFCDD,35.5,74.08,tree,TRW,1296,2007,  1,Cook,2012,cook2012tree,yes
Asi_207,Asia-MUSPIG,35.5,74.75,tree,TRW,1362,2007,  1,Cook,2012,cook2012tree,yes
Asi_208,Asia-NLTJUE,36.15,74.18,tree,TRW,1497,2009,  1,Cook,2012,cook2012tree,yes
Asi_209,Asia-NLTPCS,36.15,74.18,tree,TRW,1387,2005,  1,Cook,2012,cook2012tree,yes
Asi_210,Asia-SAT1JU,35.17,75.5,tree,TRW,1412,1993,  1,Esper,2006,esper2006uniform,yes
Asi_211,Asia-SAT2JU,35.17,75.5,tree,TRW,736,1993,  1,Esper,2006,esper2006uniform,yes
Asi_212,Asia-SAT3JU,35.17,75.5,tree,TRW,388,1993,  1,Esper,2006,esper2006uniform,yes
Asi_213,Asia-TKACDD,35,70.78,tree,TRW,1569,2007,  1,Cook,2012,cook2012tree,yes
Asi_214,Asia-ZACCDD,35.35,71.8,tree,TRW,1472,2005,  1,Ahmed,2011,ahmed2011the,yes
Asi_215,Asia-HRPCSM,35.88,74.88,tree,TRW,1467,2009,  1,Cook,2012,cook2012tree,yes
Asi_216,Asia-NOGSAK,51.83,143.13,tree,TRW,1570,2003,  1,Cook,2012,cook2012tree,yes
Asi_217,Asia-CHOLPB,31.95,98.87,tree,TRW,1519,1996,  1,Cook,2012,cook2012tree,yes
Asi_218,Asia-QAMDPB,31.12,97.03,tree,TRW,1406,1994,  1,Cook,2012,cook2012tree,yes
Asi_219,Asia-RIWOPB,31.23,96.48,tree,TRW,1547,1994,  1,Cook,2012,cook2012tree,yes
Asi_220,Asia-DENSJT,29.3,91.97,tree,TRW,1217,1998,  1,Cook,2012,cook2012tree,yes
Asi_221,Asia-QAMDJT,31.12,97.03,tree,TRW,449,2004,  1,Cook,2012,cook2012tree,yes
Asi_222,Asia-MAINJT,29.07,93.95,tree,TRW,1047,1993,  1,Cook,2012,cook2012tree,yes
Asi_223,Asia-NYINJT,29.62,94.67,tree,TRW,1568,1993,  1,Cook,2012,cook2012tree,yes
Asi_224,Asia-RETIJT,30.3,91.52,tree,TRW,1080,1998,  1,Cook,2012,cook2012tree,yes
Asi_225,Asia-CENTIB,29.35,92,tree,TRW,1285,2008,  1,Cook,2012,cook2012tree,yes
Asi_226,Asia-MHGSTG,19.28,98.93,tree,TRW,1558,2005,  1,Cook,2010,cook2010asian,yes
Asi_227,Asia-CILAUP,24.53,121.38,tree,TRW,907,2007,  1,Cook,2010,cook2010asian,yes
Asi_228,Asia-MCCHFH,21.67,104.1,tree,TRW,1470,2004,  1,Sano,2008,sano2008tree,yes
Asi_229,Asia-BDFLON,12.22,108.73,tree,TRW,1030,2008,  1,Buckley,2010,buckley2010climate,yes
Asi_230,Asia-CentralChina.Wang.1998,29,113,documents,historic,1470,1990, 10,Wang,1998,wang1998climate,yes
Asi_231,Asia-Chu.2012.Sihailongwanlake,42.17,126.36,lake sediment,alkenone,392,2002, 19,Chu,2011,chu2011seasonal,yes
Asi_232,Asia-Dasuopu.Thompson.2000,28.38,85.72,glacier ice,d18O,1450,1996,  1,Thompson,2000,thompson2000a,yes
Asi_233,Asia-EastChina.Wang.1990,50.5,49.0714,documents,historic,1470,1970, 10,Wang,1990,wang1990reconstruction,yes
Asi_234,Asia-EastChinareg.Wang.1998,34,120,documents,historic,1380,1990, 10,Wang,1998,wang1998climate,yes
Asi_235,Asia-FujianandTai.Wang.1998,24,121,documents,historic,1500,1960, 10,Wang,1998,wang1998climate,yes
Asi_236,Asia-Guangdong.Zheng.1982,23.16,113.23,documents,historic,1470,1940, 10,Zheng S.,1982,zheng1982climate,yes
Asi_237,Asia-Guangdongand.Zhang.1980,23.5,112.5,documents,historic,1470,1960, 10,Zhang D.,1980,zhang1980winter,yes
Asi_238,Asia-Guliya.Thompson.1997,35.28,81.48,glacier ice,d18O,5,1985, 10,Thompson,1997,thompson1997tropical,yes
Asi_239,Asia-HunanJiangsu.Zhang.1980,28,116.5,documents,historic,1470,1960, 10,Zhang D.,1980,zhang1980winter,yes
Asi_240,Asia-KunashirIsla.Demezhko.2009,43.955,145.725,hybrid,hybrid,1585,2000,  1,Demezhko,2009,demezhko2009ground,yes
Asi_241,Asia-Lowerreaches.Zhang.1980,32.1,118.8,documents,historic,1470,1960, 10,Zhang D.,1980,zhang1980winter,yes
Asi_242,Asia-Middlereache.Zhang.1980,30.5,114.5,documents,historic,1470,1960, 10,Zhang D.,1980,zhang1980winter,yes
Asi_243,Asia-Puruogangri.Thompson.2006,33.9167,89.0833,glacier ice,d18O,5,1995, 10,Thompson,2006,thompson2006holocene,yes
Asi_244,Asia-SourthandMid.Demezhko.2007,55,59.5,borehole,borehole,800,1950, 50,Demezhko,2007,demezhko2007climatic,no
Asi_245,Asia-SouthChina.Wang.1998,23,114,documents,historic,1500,1960, 10,Wang,1998,wang1998climate,yes
Asi_246,Asia-ZhejiangandF.Zhang.1980,25,118,documents,historic,1470,1960, 10,Zhang D.,1980,zhang1980winter,yes
Aus_001,Aus-MtRead.Cook.2006,-41.83,145.53,tree,TRW,-494,2001,  1,Cook,2006,cook2006millennia,yes
Aus_002,Aus-Oroko.Cook.2002,-43.23,170.28,tree,TRW,781,2003,  1,Cook,2002,cook2002a,yes
Aus_004,Aus-CTPEastTasma.Allen.2001,-41.31,147.75,tree,TRW,1430,1994,  1,Allen,2002,allen2002the,yes
Aus_005,Aus-PinkPineNZ.Duncan.2010,-42,172,tree,TRW,1457,1999,  1,Duncan,2010,duncan2010non,yes
Aus_007,Aus-BuckleysChan.Buckley.1997,-42.27,145.87,tree,TRW,1463,1991,  1,BUCKLEY,1997,buckley1997a,yes
Aus_009,Aus-CTPWestTasma.Allen.2001,-41.67,145.67,tree,TRW,1547,1998,  1,Allen,2002,allen2002the,yes
Aus_025,Aus-BawBaw.Brookhouse.2006,-36.42,148.33,tree,TRW,1818,2002,  1,BROOKHOUSE,2008,brookhouse2008the,yes
Aus_029,Aus-Duckhole.Saunders.2013,-43.3646,146.8749,lake sediment,reflectance,1140,2001,  2,Saunders,2013,saunders2013a,yes
Aus_030,Aus-StewartIslan.DArrigo.1995,-47,168,tree,TRW,1758,1993,  1,D'Arrigo,1996,d1996temperature,yes
Aus_031,Aus-Takapari,-40.07,175.98,tree,TRW,1533,2006,  1,Xiong,2000,xiong2000reconstruction,yes
Eur_003,Eur-NScan.Esper.2012,68,25,tree,MXD,-138,2006,  1,Esper,2012,esper2012orbital,yes
Eur_004,Eur-Tat12,49,20,tree,TRW,1040,2011,  1,Buntgen,2013,buntgen2013filling,yes
Eur_005,Eur-ECarpathians.Popa.2009,47,25.3,tree,TRW,1163,2005,  1,Popa,2008,popa2008long,yes
Eur_006,Eur-CentralEu.Buntgen.2011,47,10.7,tree,TRW,-500,2003,  1,Buntgen,2011,buntgen20112500,yes
Eur_007,Eur-Lotschental.Buentgen.2006,46.4,7.8,tree,MXD,755,2004,  1,Büntgen,2006,buntgen2006summer,yes
Eur_008,Eur-FrenchAlps.Buentgen.2012,44,7.5,tree,TRW,969,2007,  1,Büntgen,2012,buntgen2012fading,yes
Eur_009,Eur-SPyrenees.Linan.2012,42.5,1,tree,TRW,1260,2005,  1,Dorado Liñán,2012,dorado2012estimating,yes
Eur_011,Eur-CentralEu.Dobrovolny.2010,49,13,documents,TRW,1500,2007,  1,Dobrovolný,2009,dobrovolny2009monthly,yes
Eur_012,Eur-CentralandEa.Pla.2005,42.5,0.75,lake sediment,chrysophyte,578,1994, 25,Pla,2004,pla2004chrysophyte,yes
Eur_013,Eur-FinnishLakes.Helama.2014,56.125,28.325,tree,MXD,760,2000,  1,Helama,2014,helama2014a,yes
Eur_014,Eur-LakeSilvapla.Larocque-Tobler.2010,46.5,9.8,lake sediment,chironomid,1032,1975,  1,Larocque-Tobler,2010,larocque2010thousand,yes
Eur_015,Eur-LakeSilvapla.Trachsel.2010,46.5,9.8,lake sediment,reflectance,1175,1949,  1,Trachsel,2010,trachsel2010scanning,yes
Eur_016,Eur-Seebergsee.Larocque-Tobler.2012,46.15,7.5,lake sediment,,1083,2001,  1,Larocque-Tobler,2012,larocque2012a,yes
Eur_017,Eur-Spain.Martin-Chivelet.2011,42.9,-3.5,speleothem,d18O,-1949,2000,  3,Martín-Chivelet,2011,martin2011land,yes
Eur_018,Eur-SpannagelCave.Mangini.2005,47.1,11.6,speleothem,d18O,-90,1935,  3,Mangini,2005,mangini2005reconstruction,yes
Eur_019,Eur-Stockholm.Leijonhufvud.2010,59.32,18.06,documents,historic,1502,1892,  1,Leijonhufvud,2009,leijonhufvud2009five,yes
Eur_020,Eur-Tallinn.Tarand.2001,59.4,24.75,documents,,1500,2000,  1,Tarand,2001,tarand2001the,yes
NAm_001,NAm-SFP,35.3,-111.4,tree,TRW,1,2002,  1,SALZER,2005,salzer2005reconstructed,yes
NAm_002,NAm-ak046,67.1,-159.6,tree,TRW,978,1992,  1,King,,kingak046,yes
NAm_003,NAm-ak094,60.5,-148.3,tree,TRW,873,1991,  1,Barclay,,barclayak094,yes
NAm_007,NAm-ca528,36.5,-118.2,tree,TRW,898,1987,  1,Graybill,,graybillca528,yes
NAm_008,NAm-ca529,36.3,-118.4,tree,TRW,699,1987,  1,Graybill,,graybillca529,yes
NAm_009,NAm-ca530,36.3,-118.2,tree,TRW,917,1987,  1,Graybill,,graybillca530,yes
NAm_011,NAm-ca534,37.2,-118.1,tree,TRW,-1,1990,  1,Graybill,,graybillca534,yes
NAm_013,NAm-ca606,37.8,-119.2,tree,TRW,800,1996,  1,King,,kingca606,yes
NAm_018,NAm-ca636,36.3,-118.3,tree,TRW,831,1992,  1,Graumlich,,graumlichca636,yes
NAm_019,NAm-ca637,36.4,-118.2,tree,TRW,-215,1992,  1,Graumlich,,graumlichca637,yes
NAm_026,NAm-cana170,51.4,-117.3,tree,MXD,1072,1991,  1,Schweingruber,1996,schweingruber1996tree,yes
NAm_029,NAm-cana351,52.7,-118.3,tree,TRW,1104,1996,  1,Youngblut,2013,youngblut2013evaluating,yes
NAm_030,NAm-cana352,50.8,-115.3,tree,TRW,1069,1993,  1,Colenutt,1995,colenutt1995the,yes
NAm_032,NAm-cana354,60.2,-138.5,tree,TRW,913,2001,  1,Clague,2006,clague2006rapid,yes
NAm_041,NAm-co586x,39.9,-105.9,tree,MXD,1296,1993,  1,Brown,,brownco586,yes
NAm_044,NAm-mt112,45.3,-111.3,tree,TRW,470,1998,  1,King,,kingmt112,yes
NAm_045,NAm-mt116,46.3,-113.2,tree,TRW,999,1998,  1,Hughes,,hughesmt116,yes
NAm_046,NAm-mt119,46,-113.4,tree,TRW,1200,2005,  1,Littell,,littellmt119,yes
NAm_049,NAm-nv512,40.2,-115.5,tree,TRW,320,1985,  1,Graybill,,graybillnv512,yes
NAm_050,NAm-nv513,38.5,-114.2,tree,TRW,825,1983,  1,Graybill,,graybillnv513,yes
NAm_059,NAm-wa056,47.3,-121.3,tree,TRW,1259,1980,  1,Graumlich,,graumlichwa056,yes
NAm_060,NAm-wa061,48.3,-120.3,tree,TRW,1316,1980,  1,Graumlich,,graumlichwa061,yes
NAm_064,NAm-wy023,44.4,-110.1,tree,MXD,1388,1983,  1,Schweingruber,1996,schweingruber1996tree,yes
NAm_065,NAm-Basin_P,44.5,-70.1,lake sediment,pollen,362,1960, 31,Gajewski,1988,gajewski1988late,yes
NAm_066,NAm-CTR,46.7,-114.2,tree,TRW,1150,1998,  1,Kipfmueller,2008,kipfmueller2008reconstructed,yes
NAm_067,NAm-Clear_P,33.8,-79,lake sediment,pollen,52,1960, 39,Gajewski,1988,gajewski1988late,yes
NAm_068,NAm-Conroy_L,46.3,-67.9,lake sediment,pollen,10,1967, 33,Gajewski,1988,gajewski1988late,yes
NAm_069,NAm-Dark_L,45.3,-91.5,lake sediment,pollen,1044,1950, 18,Gajewski,1988,gajewski1988late,yes
NAm_070,NAm-FRE,43,-109.6,tree,TRW,1227,2001,  1,Pederson,2011,pederson2011the,yes
NAm_071,NAm-GB,37,-116.5,tree,TRW,1,2009,  1,Salzer,2013,salzer2013five,yes
NAm_072,NAm-GreenLake,50.2,-122.9,lake sediment,,1388,1999,  1,Schiefer,2006,schiefer2006extreme,yes
NAm_073,NAm-Hell_Kt,46.2,-89.7,lake sediment,pollen,-53,1960, 22,Gajewski,1988,gajewski1988late,yes
NAm_074,NAm-LClouds,48,91,lake sediment,pollen,1030,1970, 10,Gajewski,1988,gajewski1988late,yes
NAm_075,NAm-L_Noir,45.8,-75.1,lake sediment,pollen,1007,2007, 10,Paquette,2013,paquette2013climatic,yes
NAm_076,NAm-LakeMina,45.89,-95.478,lake sediment,pollen,1120,1900,  4,St. Jacques,2008,st2008a,yes
NAm_077,NAm-LakeMina,45.89,-95.478,lake sediment,pollen,1120,1900,  4,St. Jacques,2008,st2008a,yes
NAm_078,NAm-Little_Pine_L,45.3,-91.5,lake sediment,pollen,1237,1950, 18,Gajewski,1988,gajewski1988late,yes
NAm_079,NAm-OCNM,42.083,-123.416,speleothem,d18O,-6015,1716,  2,Ersek,2012,ersek2012holocene,yes
NAm_080,NAm-Ruby_L,45.3,-91.5,lake sediment,pollen,1121,1965, 17,Gajewski,1988,gajewski1988late,yes
NAm_081,NAm-SOV,36.5,-118.3,tree,TRW,494,2001,  1,Kipfmueller,2010,kipfmueller2010linear,yes
NAm_082,NAm-STREC,54.21,-71.35,tree,,910,2011,  1,Gennaretti,2014,gennaretti2014volcano,yes
NAm_083,NAm-ak001,60.4,-147.8,tree,TRW,1422,1972,  1,Fritts,,frittsak001,yes
NAm_084,NAm-ak006,63.7,-149.6,tree,MXD,1551,1983,  1,Schweingruber,1996,schweingruber1996tree,yes
NAm_085,NAm-ak010,61.8,-147.3,tree,TRW,1654,1983,  1,Schweingruber,1996,schweingruber1996tree,yes
NAm_086,NAm-ak010,61.8,-147.3,tree,MXD,1654,1983,  1,Schweingruber,1996,schweingruber1996tree,yes
NAm_087,NAm-ak014,58.1,-152.7,tree,TRW,1690,1996,  1,Harlan,,harlanak014,yes
NAm_088,NAm-ak021,60,-141.7,tree,TRW,1428,1995,  1,Wiles,,wilesak021,yes
NAm_089,NAm-ak035,63.3,-147.8,tree,TRW,1642,1997,  1,Lloyd,,lloydak035,yes
NAm_090,NAm-ak057,65.2,-162.2,tree,TRW,1607,2002,  1,R. DArrigo and E. Mashig and D. Frank and R. Wilson and G. Jacoby,,rak057,yes
NAm_091,NAm-ak058,65.2,-162.2,tree,TRW,1406,2002,  1,R. DArrigo and E. Mashig and D. Frank and R. Wilson and G. Jacoby,,rak058,yes
NAm_092,NAm-ak060,65.2,-162.3,tree,TRW,1621,2002,  1,R. DArrigo and E. Mashig and D. Frank and R. Wilson and G. Jacoby,,rak060,yes
NAm_093,NAm-ak070,65.2,-162.2,tree,TRW,1556,2002,  1,R. DArrigo and E. Mashig and D. Frank and R. Wilson and G. Jacoby,,rak070,yes
NAm_094,NAm-ak074,62.4,-143.1,tree,TRW,1471,1997,  1,Jacoby,,jacobyak074,yes
NAm_095,NAm-ak074,62.4,-143.1,tree,MXD,1540,1997,  1,Jacoby,,jacobyak074,yes
NAm_096,NAm-ak078,61.3,-142.7,tree,TRW,1557,1997,  1,Jacoby,,jacobyak078,yes
NAm_097,NAm-ak098,55.3,-131.6,tree,TRW,1550,1999,  1,Wiles,,wilesak098,yes
NAm_098,NAm-ak102,58.4,-134.6,tree,TRW,1380,1999,  1,Wiles,,wilesak102,yes
NAm_099,NAm-ak114,56,-132,tree,TRW,1343,2000,  1,DArrigo,,darrigoak114,yes
NAm_100,NAm-ak115,65.2,-162.3,tree,TRW,1389,2001,  1,DArrigo,,darrigoak115,yes
NAm_101,NAm-ak115,65.2,-162.3,tree,MXD,1389,2001,  1,DArrigo,,darrigoak115,yes
NAm_102,NAm-ak116,62,-142,tree,MXD,1540,1998,  1,DArrigo,,darrigoak116,yes
NAm_103,NAm-ak117,67,-152,tree,MXD,1524,1990,  1,DArrigo,,darrigoak117,yes
NAm_104,NAm-ak132,68.7,-141.6,tree,MXD,1073,2002,  1,Anchukaitis,2013,anchukaitis2013tree,yes
NAm_105,NAm-ak6,57.1,-135.4,tree,TRW,1605,1985,  1,Kaiser,,kaisernam,yes
NAm_106,NAm-az553,35.4,-110.2,tree,MXD,1453,1983,  1,Briffa,2002,briffa2002tree,yes
NAm_107,NAm-az555,32.5,-110.8,tree,MXD,1568,1983,  1,Briffa,2002,briffa2002tree,yes
NAm_108,NAm-ca560,37.8,-119.3,tree,MXD,1513,1983,  1,Schweingruber,1996,schweingruber1996tree,yes
NAm_109,NAm-ca603,37.9,-119.2,tree,TRW,1430,1996,  1,King,,kingnam,yes
NAm_110,NAm-ca609,34.1,-116.8,tree,TRW,1534,1995,  1,Biondi,,biondica609,yes
NAm_111,NAm-cana002,58.4,-68.4,tree,TRW,1641,1974,  1,Cropper,1981,cropper1981tree,yes
NAm_112,NAm-cana029,68.6,-138.6,tree,TRW,1570,1977,  1,Cropper,1981,cropper1981tree,yes
NAm_113,NAm-cana053,62.7,-111,tree,MXD,1610,1988,  1,Schweingruber,1996,schweingruber1996tree,yes
NAm_114,NAm-cana062,56.2,-67.7,tree,TRW,1659,1988,  1,Schweingruber,1996,schweingruber1996tree,yes
NAm_115,NAm-cana062,56.2,-67.7,tree,MXD,1659,1988,  1,Schweingruber,1996,schweingruber1996tree,yes
NAm_116,NAm-cana082,61.7,-139.7,tree,MXD,1585,1983,  1,Schweingruber,1996,schweingruber1996tree,yes
NAm_117,NAm-cana091,54.9,-127.3,tree,TRW,1680,1983,  1,Schweingruber,1996,schweingruber1996tree,yes
NAm_118,NAm-cana091,54.9,-127.3,tree,MXD,1680,1983,  1,Schweingruber,1996,schweingruber1996tree,yes
NAm_119,NAm-cana094,53.3,-120.7,tree,MXD,1649,1983,  1,Schweingruber,1996,schweingruber1996tree,yes
NAm_120,NAm-cana096,52.3,-117,tree,TRW,1608,1983,  1,Schweingruber,1996,schweingruber1996tree,yes
NAm_121,NAm-cana096,52.3,-117,tree,MXD,1608,1983,  1,Schweingruber,1996,schweingruber1996tree,yes
NAm_122,NAm-cana097,51.8,-116.2,tree,MXD,1634,1983,  1,Schweingruber,1996,schweingruber1996tree,yes
NAm_123,NAm-cana111,49.4,-123.1,tree,MXD,1413,1983,  1,Schweingruber,1996,schweingruber1996tree,yes
NAm_124,NAm-cana113,49.2,-125.2,tree,MXD,1629,1983,  1,Schweingruber,1996,schweingruber1996tree,yes
NAm_125,NAm-cana151,49.9,-118.9,tree,TRW,1669,1998,  1,Parish,,parishcana151,yes
NAm_126,NAm-cana153,67.2,-115.9,tree,TRW,1428,1977,  1,Jacoby,1989,jacoby1989reconstructed,yes
NAm_127,NAm-cana155,64,-103.9,tree,TRW,1491,1984,  1,Jacoby,1989,jacoby1989reconstructed,yes
NAm_128,NAm-cana157,65,-138.3,tree,TRW,1550,1975,  1,Jacoby,1989,jacoby1989reconstructed,yes
NAm_129,NAm-cana169,55.3,-77.8,tree,TRW,1352,1989,  1,Schweingruber,1996,schweingruber1996tree,yes
NAm_130,NAm-cana169,55.3,-77.8,tree,MXD,1352,1989,  1,Schweingruber,1996,schweingruber1996tree,yes
NAm_131,NAm-cana171,52.3,-117.3,tree,MXD,1665,1994,  1,Schweingruber,1996,schweingruber1996tree,yes
NAm_132,NAm-cana210,56.9,-61.5,tree,TRW,1634,1997,  1,D'Arrigo,2003,d2003interannual,yes
NAm_133,NAm-cana225,50.2,-117.1,tree,TRW,1669,1997,  1,Luckman,2005,luckman2005summer,yes
NAm_134,NAm-cana225,50.2,-117.1,tree,MXD,1685,1997,  1,Luckman,2005,luckman2005summer,yes
NAm_135,NAm-cana228,49.4,-117.2,tree,TRW,1693,1997,  1,Luckman,2005,luckman2005summer,yes
NAm_136,NAm-cana231,50.6,-118.6,tree,TRW,1477,1997,  1,Luckman,2005,luckman2005summer,yes
NAm_137,NAm-cana231,50.6,-118.6,tree,MXD,1528,1997,  1,Luckman,2005,luckman2005summer,yes
NAm_138,NAm-cana234,49.7,-118.9,tree,TRW,1580,1997,  1,Luckman,2005,luckman2005summer,yes
NAm_139,NAm-cana234,49.7,-118.9,tree,MXD,1512,1997,  1,Luckman,2005,luckman2005summer,yes
NAm_140,NAm-cana238,50.7,-121.5,tree,TRW,1554,1997,  1,Luckman,2005,luckman2005summer,yes
NAm_141,NAm-cana238,50.7,-121.5,tree,MXD,1689,1997,  1,Luckman,2005,luckman2005summer,yes
NAm_142,NAm-cana313,56,-61,tree,TRW,1689,1998,  1,DArrigo,,darrigocana313,yes
NAm_143,NAm-cana321,69.5,-127.8,tree,MXD,1550,1993,  1,Jacoby,,jacobycana321,yes
NAm_144,NAm-cana324,58,-94,tree,TRW,1650,1982,  1,DArrigo,,darrigocana324,yes
NAm_145,NAm-cana358,59.9,-136.8,tree,TRW,1670,2003,  1,Luckman,,luckmancana358,yes
NAm_146,NAm-cana359,59.8,-136.6,tree,TRW,1572,2003,  1,Luckman,,luckmancana359,yes
NAm_147,NAm-cana378,61.4,-128.4,tree,TRW,1697,2002,  1,Kenigsberg,,kenigsbergnam,yes
NAm_148,NAm-cana382,59.6,-133.4,tree,TRW,1645,1999,  1,Kenigsberg,,kenigsbergnam,yes
NAm_149,NAm-cana384,60.1,-134.4,tree,TRW,1700,2003,  1,Kenigsberg,,kenigsbergcana384,yes
NAm_150,NAm-cana421,51.1,-115.8,tree,MXD,1440,1987,  1,Colenutt,1995,colenutt1995the,yes
NAm_151,NAm-cana430,52.2,-117.2,tree,TRW,920,1987,  1,Luckman,2005,luckman2005summer,yes
NAm_152,NAm-cana430,52.2,-117.2,tree,MXD,1665,1994,  1,Luckman,2005,luckman2005summer,yes
NAm_153,NAm-cana432,52.7,-118.3,tree,TRW,1563,1996,  1,George,2001,george2001extracting,yes
NAm_154,NAm-cana434,51.7,-116.5,tree,TRW,1575,2000,  1,Luckman,2005,luckman2005summer,yes
NAm_155,NAm-cana435,52.9,-117.3,tree,TRW,1528,1990,  1,George,2001,george2001,yes
NAm_156,NAm-cana437,52.6,-117.9,tree,TRW,1513,1990,  1,George,2001,george2001,yes
NAm_157,NAm-cana438,50.6,-115,tree,TRW,1613,1987,  1,George,2001,george2001,yes
NAm_158,NAm-cana439,52.2,-117.2,tree,TRW,1428,2000,  1,Luckman,2000,luckman2000impact,yes
NAm_159,NAm-cana443,50.9,-115.2,tree,TRW,1619,1987,  1,George,2001,george2001,yes
NAm_160,NAm-cana446,53,-118.2,tree,TRW,1625,1990,  1,George,2001,george2001,yes
NAm_161,NAm-cana449,52.9,-118,tree,TRW,1489,1990,  1,George,2001,george2001,yes
NAm_162,NAm-cana450,53.2,-119.5,tree,TRW,1569,1989,  1,George,2001,george2001,yes
NAm_163,NAm-cana453,52.8,-117.7,tree,TRW,1600,1990,  1,George,2001,george2001,yes
NAm_164,NAm-co517,40.1,-105.6,tree,MXD,1610,1982,  1,KIENAST F.,,kienastco517,yes
NAm_165,NAm-co552,37.9,-107.7,tree,MXD,1626,1983,  1,Graybill,,graybillco552,yes
NAm_166,NAm-co553,39.3,-105,tree,TRW,1530,1983,  1,Harlan. T. and Candova,,harlanco553,yes
NAm_167,NAm-co553,39.3,-105,tree,MXD,1530,1983,  1,Harlan. T. and Candova,,harlanco553,yes
NAm_168,NAm-co554,38.7,-107.6,tree,TRW,1565,1982,  1,Schweingruber,1996,schweingruber1996tree,yes
NAm_169,NAm-co554,38.7,-107.6,tree,MXD,1565,1982,  1,Schweingruber,1996,schweingruber1996tree,yes
NAm_170,NAm-co586,39.9,-105.9,tree,TRW,1224,1992,  1,Brown,,brownco586,yes
NAm_171,NAm-co633,40.6,-105.8,tree,TRW,1552,2003,  1,Bigler,,biglerco633,yes
NAm_172,NAm-id008,43.9,-114.7,tree,MXD,1530,1983,  1,Schweingruber,1996,schweingruber1996tree,yes
NAm_173,NAm-id013,44.6,-114.5,tree,TRW,1305,1997,  1,Hughes,,hughesid013,yes
NAm_174,NAm-id013,44.6,-114.5,tree,MXD,1488,1997,  1,Hughes,,hughesid013,yes
NAm_175,NAm-me010,44.8,-70.8,tree,MXD,1667,1977,  1,Conkey,,conkeyme010,yes
NAm_176,NAm-mexi020,31,-115.5,tree,TRW,1536,1995,  1,F. Biondi,,fmexi020,yes
NAm_177,NAm-mexi043,25.1,-106.3,tree,TRW,1675,1993,  1,Peter Fule,,petermexi043,yes
NAm_178,NAm-mt108,45.8,-112.5,tree,TRW,1496,1983,  1,Schweingruber,1996,schweingruber1996tree,yes
NAm_179,NAm-mt108,45.8,-112.5,tree,MXD,1496,1983,  1,Schweingruber,1996,schweingruber1996tree,yes
NAm_180,NAm-mt115,45.9,-114.3,tree,TRW,12,1997,  1,Hughes,,hughesmt115,yes
NAm_181,NAm-mt115,45.9,-114.3,tree,MXD,1434,1997,  1,Hughes,,hughesmt115,yes
NAm_182,NAm-mt120,46,-113.4,tree,TRW,1248,2006,  1,Littell,,littellmt120,yes
NAm_183,NAm-mt126,49,-114,tree,TRW,1252,1990,  1,Colenutt,,colenuttmt126,yes
NAm_184,NAm-or042,43,-122.2,tree,MXD,1564,1983,  1,Briffa,2002,briffa2002tree,yes
NAm_185,NAm-or043,45.3,-121.7,tree,MXD,1504,1983,  1,Schweingruber,1996,schweingruber1996tree,yes
NAm_186,NAm-tab,49.3,-114.4,tree,TRW,1616,2012,  1,Sauchyn and St-Jacques,,sauchyntamarack,yes
NAm_187,NAm-ut511,37.6,-113.9,tree,MXD,1581,1983,  1,Schweingruber,1996,schweingruber1996tree,yes
NAm_188,NAm-vic,49.8,-114.5,tree,TRW,1488,2010,  1,Sauchyn and St-Jacques,,sauchynvicary,yes
NAm_189,NAm-wa069,48.7,-120.7,tree,TRW,1685,1991,  1,Peterson,,petersonwa069,yes
NAm_190,NAm-wa071,48.7,-120.7,tree,TRW,1585,1991,  1,Peterson,,petersonwa071,yes
NAm_191,NAm-wa072,48.7,-120.7,tree,TRW,1529,1990,  1,Peterson,,petersonwa072,yes
NAm_192,NAm-wa081,46.2,-122.2,tree,MXD,1609,1983,  1,Schweingruber,1996,schweingruber1996tree,yes
NAm_193,NAm-wa083,48.7,-118.3,tree,TRW,1605,1983,  1,Schweingruber,1996,schweingruber1996tree,yes
NAm_194,NAm-wa083,48.7,-118.3,tree,MXD,1605,1983,  1,Schweingruber,1996,schweingruber1996tree,yes
NAm_195,NAm-wa097,47.9,-123.8,tree,TRW,1570,1992,  1,Peterson,,petersonwa097,yes
NAm_196,NAm-wa104,46.2,-121.5,tree,TRW,1610,1992,  1,Peterson,,petersonwa104,yes
NAm_197,NAm-wy021,44.2,-107.1,tree,MXD,1496,1983,  1,Schweingruber,1996,schweingruber1996tree,yes
NAm_198,NAm-wy022,41.3,-107.7,tree,TRW,1401,1983,  1,Schweingruber,1996,schweingruber1996tree,yes
NAm_199,NAm-wy022,41.3,-107.7,tree,MXD,1401,1983,  1,Schweingruber,1996,schweingruber1996tree,yes
NAm_200,NAm-wy024,44.8,-107.9,tree,MXD,1508,1983,  1,Schweingruber,1996,schweingruber1996tree,yes
NAm_201,NAm-wy025,43.7,-110.1,tree,TRW,1672,1983,  1,Schweingruber,1996,schweingruber1996tree,yes
NAm_202,NAm-wy025,43.7,-110.1,tree,MXD,1672,1983,  1,Schweingruber,1996,schweingruber1996tree,yes
NAm_203,NAm-wy030,41.4,-106.2,tree,TRW,1097,1999,  1,Brown,,brownwy030,yes
NAm_204,NAm-wy030,41.4,-106.2,tree,MXD,1483,2000,  1,Brown,,brownwy030,yes
Ocn_001,Arc-MD992275.Jiang.2005,66.55,-17.37,marine sediment,alkenone,157,1952, 17,Jiang,2005,jiang2005evidence,yes
Ocn_002,Arc-StoreggaSlid.Sejrup.2011,63.76,5.26,marine sediment,d18O,-957,1999,  7,Sejrup,2011,sejrup2011a,yes
Ocn_003,Arc-VoringPlateau.Berner.2011,66.97,7.64,marine sediment,diatom,-4076,1995, 12,Berner,2011,berner2011holocene,yes
Ocn_004,MakassarStait-MD9862160.Newton.2011,-5.2012,117.4867,marine sediment,Mg/Ca,-40,1815,  8,Newton,2010,newton2010changes,yes
Ocn_005,O2kLR-AlboranSea.Nieto-Moreno.2012,36.2053,-4.3133,marine sediment,alkenone,564,1999, 32,Nieto-Moreno,2013,nieto2013climate,yes
Ocn_006,O2kLR-ArabianSea.Doose-Rolinski.2001,24.83,65.92,marine sediment,alkenone,-216,1950, 18,Doose-Rolinski,2001,doose2001high,yes
Ocn_007,O2kLR-CH07-98-MC-2.Saenger.2011,32.784,-76.276,marine sediment,Foram Mg/Ca,250,1850,100,Saenger,2011,saenger2011regional,yes
Ocn_008,O2kLR-CapeGhir.Kim.2007,30.85,-10.2685,marine sediment,alkenone,754,1950, 37,Kim,2007,kim2007impacts,yes
Ocn_009,O2kLR-CapeGhir.McGregor.2007,30.845,-10.0983,marine sediment,alkenone,-225,1998, 12,McGregor,2007,mcgregor2007rapid,yes
Ocn_011,O2kLR-CariacoBasin.Black.2007,10.77,-64.77,marine sediment,Foram Mg/Ca,1221,1990,  1,Black,2007,black2007an,yes
Ocn_013,O2kLR-CariacoBasin.Lea.2003,10.7,-64.94,marine sediment,Foram Mg/Ca,-158,1399,145,Lea,2003,lea2003synchroneity,yes
Ocn_014,O2kLR-ChileanMargin.Lamy.2002,-41,-74.45,marine sediment,alkenone,4,1650, 76,Lamy,2002,lamy2002high,yes
Ocn_015,O2kLR-DryTortugas.Lund.2006,24.59,-83.58,marine sediment,Foram Mg/Ca,659,1949, 22,Lund,2006,lund2006florida,yes
Ocn_016,O2kLR-DryTortugasA.Lund.2006,24.33,-83.26,marine sediment,Foram Mg/Ca,995,1925, 23,Lund,2006,lund2006florida,yes
Ocn_017,O2kLR-EasternTropicalNorthAtlantic.Kuhnert.2011,16.8402,-16.7327,marine sediment,Foram Mg/Ca,-236,2004,  9,Kuhnert,2011,kuhnert2011multidecadal,yes
Ocn_018,O2kLR-EmeraldBasin.Keigwin.2003,45.89,-62.8,marine sediment,alkenone,351,1950, 32,Keigwin,2003,keigwin2003a,yes
Ocn_019,O2kLR-EmeraldBasin.Sachs.2007,43.53,-62.48,marine sediment,alkenone,400,1950,110,Sachs,2007,sachs2007cooling,yes
Ocn_020,O2kLR-FeniDriftRichter.2009,55.5,-13.9,marine sediment,Foram Mg/Ca,-368,1998, 22,Richter,2009,richter2009late,yes
Ocn_021,O2kLR-FiskBasin.Richey.2009,27.55,-93.93,marine sediment,Foram Mg/Ca,1217,1950, 19,Richey,2009,richey2009regionally,yes
Ocn_022,O2kLR-GarrisonBasin.Richey.2009,26.68,-93.93,marine sediment,Foram Mg/Ca,1371,1950, 24,Richey,2009,richey2009regionally,yes
Ocn_023,O2kLR-GreatBahamaBank.Lund.2006,24.58,-79.26,marine sediment,Foram Mg/Ca,1065,1950, 26,Lund,2006,lund2006florida,yes
Ocn_024,O2kLR-GreatBahamabAtlantic0326aLund2006125MC,24.765,-79.29,marine sediment,Foram Mg/Ca,590,1950, 34,Lund,2006,lund2006florida,yes
Ocn_025,O2kLR-GulfofGuinea.Weldeab.2007,2.5,9.38,marine sediment,Foram Mg/Ca,40,1590, 30,Weldeab,2007,weldeab2007155,yes
Ocn_027,O2kLR-JacafFjord.Sepulveda.2009,-44.33,-72.97,marine sediment,alkenone,212,1784, 24,Sepúlveda,2009,sepulveda2009late,yes
Ocn_028,O2kLR-KNR140.Saenger.2011,32.977,-76.316,marine sediment,Foram Mg/Ca,450,1850, 50,Saenger,2011,saenger2011regional,yes
Ocn_029,O2kLR-KuroshioCurrent.Isono.2009,36.03,141.78,marine sediment,alkenone,-233,1947, 26,Isono,2009,isono2009the,yes
Ocn_030,O2kLR-LaurentianFan.Keigwin.2005,43.48,-54.87,marine sediment,alkenone,-230,1850,130,Keigwin,2005,keigwin2005the,yes
Ocn_032,O2kLR-MD952011.Calvo.2002,66.97,7.63,marine sediment,alkenone,-290,1390, 30,Calvo,2002,calvo2002high,yes
Ocn_033,O2kLR-MakassarStrait.Linsley.2010,-7.4,115.2,marine sediment,Foram Mg/Ca,175,1781, 35,Linsley,2010,linsley2010holocene,yes
Ocn_034,O2kLR-MakassarStrait.Newton.2011,1.4033,119.078,marine sediment,Foram Mg/Ca,160,1890, 14,Newton,2010,newton2010changes,yes
Ocn_035,O2kLR-MakassarStrait.Oppo.2009,-3.53,119.2,marine sediment,Foram Mg/Ca,-335,1982,  7,Oppo,2009,oppo20092,yes
Ocn_036,O2kLR-Minorca.Moreno.2012,40.5,4.03,marine sediment,alkenone,428,1988, 15,Moreno,2012,moreno2012the,yes
Ocn_037,O2kLR-NWPacific.Harada.2004,46.32,152.53,marine sediment,alkenone,-70,1370, 50,Harada,2004,harada2004northward,yes
Ocn_039,O2kLR-NorthIceland.Sicre.2011,66.55,-17.42,marine sediment,alkenone,1,2001,  4,Sicre,2011,sicre2011sea,yes
Ocn_040,O2kLR-ODP984.Came.2007,61.43,-24.085,marine sediment,Foram Mg/Ca,152,1396, 58,Came,2007,came2007amplitude,yes
Ocn_041,O2kLR-OkinawaTrough.Wu.2012,24.8,122.5,marine sediment,TEX86,-227,1770, 25,Wu,2012,wu2012sea,yes
Ocn_043,O2kLR-PigmyBasin.Richey.2009,27.2,-91.42,marine sediment,Foram Mg/Ca,593,1901, 12,McGregor,2015,mcgregor2015robust,yes
Ocn_045,O2kLR-RAPiD-12-1K.Thornalley.2009,62.08,-17.82,marine sediment,Foram Mg/Ca,154,1252, 73,Thornalley,2009,thornalley2009holocene,yes
Ocn_046,O2kLR-SWCoastOfIndia.Saraswat.2013,10.98,74.9993,marine sediment,Foram Mg/Ca,303,1835, 88,Saraswat,2013,saraswat2013deglaciation,yes
Ocn_047,O2kLR-SantaBarbara.Zhao.2000,34.23,-120.02,marine sediment,alkenone,1298,1941,  1,Zhao,2000,zhao2000an,yes
Ocn_048,O2kLR-SouthAtlantic.Leduc.2010,-29.14,16.72,marine sediment,alkenone,705,1938, 20,Leduc,2010,leduc2010contrasting,yes
Ocn_049,O2kLR-SouthChinaSea.Zhao.2006,8.73,109.869,marine sediment,alkenone,-182,993, 26,Zhao,2006,zhao2006a,yes
Ocn_050,O2kLR-SouthIceland.Sicre.2011,57.45,-27.91,marine sediment,alkenone,-5,1724,  7,Sicre,2011,sicre2011sea,yes
Ocn_051,O2kLR-SouthernChile.Mohtadi.2007,-44.15,-75.16,marine sediment,alkenone,-168,1901, 32,Mohtadi,2007,mohtadi2007cooling,yes
Ocn_052,O2kLR-SubTropicalEasternAtlantic.deMenocal.2000,20.75,-18.5833,marine sediment,planktonic foraminifera,-140,1470, 47,deMenocal,2000,demenocal2000coherent,yes
Ocn_053,O2kLR-Tagus.Abrantes.2005,38.556,-9.3498,marine sediment,alkenone,74,2001,  3,Abrantes,2005,abrantes2005shallow,no
Ocn_054,O2kLR-WEqPacific.Stott.2007,-5,133.44,marine sediment,Foram Mg/Ca,685,1416, 43,Stott,2007,stott2007southern,yes
Ocn_055,O2kLR-WestSpitzbergen.Bonnet.2010,78.96,5.885,marine sediment,Dynocist MAT,-289,1943, 43,Bonnet,2010,bonnet2010variability,yes
Ocn_056,O2kLR-WesternAntarcticPeninsula.Shevenell.2011,-64.87,-64.2,marine sediment,TEX86,-78,1870, 50,Shevenell,2011,shevenell2011holocene,yes
Ocn_058,O2kLR-WesternSvalbard.Spielhagen.2011,78.91,6.77,marine sediment,planktonic foraminifera,110,2007, 50,Spielhagen,2011,spielhagen2011enhanced,yes
Ocn_059,O2kLR-AlboranSeaA.Nieto-Moreno.2012,-4.7496,35.986,marine sediment,,980,2005, 33,McGregor,2005,mcgregor2005robust,yes
Ocn_061,Ocean2kHR-IndianMayotteZinke20082009,-12.65,45.1,coral,Sr/Ca,1882,1994,<1,Zinke,2008,zinke2008mayotte,no
Ocn_063,O2kLR-CapeHatteras.Cléroux.2012,34.973,-75.201,marine sediment,Foram Mg/Ca,-75,1294, 10,Cléroux,2008,cleroux2008mg,yes
Ocn_064,O2kLR-Philippines.Stott.2007,6.3,125.82,marine sediment,Foram Mg/Ca,647,1909, 17,Stott,2007,stott2007southern,yes
Ocn_065,Ocean2kHR-AtlanticBahamasSaenger2009,25.84,-78.62,coral,calcification,1552,1991,  1,Saenger,2009,saenger2009surface,yes
Ocn_066,Ocean2kHR-AtlanticBermudaGoodkin2006,30.6486,-64.9888,coral,d18O,1782,1998,  1,Goodkin,2008,goodkin2008increased,yes
Ocn_067,Ocean2kHR-AtlanticBermudaGoodkin2006,30.6486,-64.9888,coral,Sr/Ca,1781,1998,  1,Goodkin,2008,goodkin2008increased,yes
Ocn_068,Ocean2kHR-AtlanticBermudaKuhnert2005,32.467,-64.7,coral,d18O,1825,1983,<1,Kuhnert,2005,kuhnert2005nao,yes
Ocn_069,Ocean2kHR-AtlanticBermudaKuhnert2005,32.467,-64.7,coral,Sr/Ca,1867,1983,<1,Kuhnert,2005,kuhnert2005nao,no
Ocn_070,Ocean2kHR-AtlanticDryTortugasDeLong2014,24.6,-82.3,coral,Sr/Ca,1734,2009,<1,DeLong,2014,delong2014a,yes
Ocn_071,Ocean2kHR-AtlanticGuadeloupeHetzinger2010,16.2,-61.49,coral,d18O,1896,1999,<1,Hetzinger,2010,hetzinger2010tropical,no
Ocn_072,Ocean2kHR-AtlanticGuadeloupeHetzinger2010,16.2,-61.49,coral,Sr/Ca,1896,1999,<1,Hetzinger,2010,hetzinger2010tropical,no
Ocn_073,Ocean2kHR-AtlanticMexicoVasquez2012,20.83,-86.74,coral,calcification,1773,2009,  1,Vásquez-Bedoya,2012,vasquez2012tropical,yes
Ocn_074,Ocean2kHR-IndianBaliCharles2003,-8.2473,115.5757,coral,d18O,1782,1990,<1,Charles,2003,charles2003monsoon,yes
Ocn_075,Ocean2kHR-IndianIfatyTulearZinke2014if4,-23.15,43.58,coral,d18O,1660,1996,<1,Zinke,2004,zinke2004enso,yes
Ocn_076,Ocean2kHR-IndianKenyaNakamura2009,-3.2,40.1,coral,d18O,1887,2003,<1,Nakamura,2009,nakamura2009mode,no
Ocn_077,Ocean2kHR-IndianMafiaDamassa2006,-8.0167,39.5,coral,d18O,1622,1998,<1,Damassa,2006,damassa2006enhanced,yes
Ocn_078,Ocean2kHR-IndianMalindiCole2000,-3.2,40.1,coral,d18O,1801,1994,  1,Cole,2000,cole2000tropical,yes
Ocn_079,Ocean2kHR-IndianMentawaiAbram2008,-0.13,98.52,coral,d18O,1858,1998,<1,Abram,2008,abram2008recent,no
Ocn_080,Ocean2kHR-IndianRedSeaFelis2000,27.85,34.32,coral,d18O,1751,1996,<1,Felis,2000,felis2000a,yes
Ocn_081,Ocean2kHR-IndianReunionPfeiffer2004,-21.0333,55.25,coral,d18O,1832,1996,<1,Pfeiffer,2004,pfeiffer2004oceanic,yes
Ocn_082,Ocean2kHR-IndianRusUmSiddMoustafa2000Rus93a,27.8483,34.31,coral,d18O,1897,1993,<1,Moustafa,2000,moustafa2000mid,no
Ocn_083,Ocean2kHR-IndianSeychellesCharles1997,-4.62,55,coral,d18O,1847,1995,<1,Charles,1997,charles1997interaction,yes
Ocn_084,Ocean2kHR-PacificAlibert2008Papua,-2.5,150.5,coral,Sr/Ca,1823,1997,<1,Alibert,2008,alibert2008a,yes
Ocn_086,Ocean2kHR-PacificBunakenCharles2003,-1.5,124.833,coral,d18O,1860,1991,<1,Charles,2003,charles2003monsoon,no
Ocn_087,Ocean2kHR-PacificGalapagosDunbar1994,-0.4,-91.23,coral,d18O,1607,1981,  1,Dunbar,1994,dunbar1994eastern,yes
Ocn_088,Ocean2kHR-PacificGuamAsami2005,13.5982,144.8359,coral,d18O,1790,2000,<1,Asami,2005,asami2005interannual,yes
Ocn_090,Ocean2kHR-PacificLiangTudhope2001,-4.15,144.8833,coral,d18O,1885,1993,<1,Tudhope,2001,tudhope2001variability,no
Ocn_091,Ocean2kHR-PacificLinsley2006Fiji1F,-16.8167,179.2333,coral,d18O,1782,1997,  1,Linsley,2006,linsley2006tracking,yes
Ocn_093,Ocean2kHR-PacificLinsley2006Fiji1F,-16.8167,179.2333,coral,Sr/Ca,1782,1997,  1,Linsley,2006,linsley2006tracking,yes
Ocn_095,Ocean2kHR-PacificLinsley2006FijiAB,-16.8167,179.2333,coral,d18O,1618,2002,  1,Linsley,2006,linsley2006tracking,yes
Ocn_096,Ocean2kHR-PacificLinsley2006RarotongaSrCa2R,-21.2378,-159.8278,coral,Sr/Ca,1727,1997,<1,Linsley,2006,linsley2006tracking,yes
Ocn_097,Ocean2kHR-PacificMadangTudhope2001,-5.2167,145.8167,coral,d18O,1881,1993,<1,Tudhope,2001,tudhope2001variability,no
Ocn_098,Ocean2kHR-PacificMaianaUrban2000,1,173,coral,d18O,1840,1995,<1,Cole,2000,asami2005interannual,yes
Ocn_099,Ocean2kHR-PacificMooreaBoiseau2003,-17.5,-149.8333,coral,d18O,1853,1991,  1,Boiseau,1998,boiseau1998atmospheric,no
Ocn_101,Ocean2kHR-PacificNewCaledoniaDelong2012,-22.475,166.4667,coral,Sr/Ca,1649,2000,<1,DeLong,2012,delong2012sea,yes
Ocn_103,Ocean2kHR-PacificPalmyracombinedCobb2003,5.87,-162.13,coral,d18O,928,1998,<1,Cobb,2003,cobb2003el,yes
Ocn_104,Ocean2kHR-PacificPanamaLinsley1994,7.95,-82,coral,d18O,1708,1985,<1,Linsley,1994,linsley1994a,yes
Ocn_106,Ocean2kHR-PacificSuvaBagnato2005,-16.82,179.23,coral,d18O,1776,2001,  1,Bagnato,2005,bagnato2005coral,yes
Ocn_107,Ocean2kHR-PacificTarawaCole1990,1,172,coral,d18O,1894,1990,<1,Cole,1990,cole1990the,no
Ocn_108,Ocean2kHR-PacificVanuatuQuinn1996,-15,166.99,coral,d18O,1807,1979,  1,Quinn,1996,quinn1996new,yes
Ocn_109,Ocean2kHR-PacificWu2013Tonga,-19.9333,-174.7167,coral,Sr/Ca,1791,2003,  1,Wu,2013,wu2013oceanographic,yes
Ocn_111,Ocean2kHR-AtlanticPuertoRicoKilbourne2008,17.93,-67,coral,d18O,1751,2004,  1,Kilbourne,2008,kilbourne2008paleoclimate,yes
Ocn_112,Ocean2kHR-AtlanticPuertoRicoKilbourne2008,17.93,-67,coral,Sr/Ca,1751,2004,  1,Kilbourne,2008,kilbourne2008paleoclimate,yes
Ocn_114,Ocean2kHR-IndianAbrolhosKuhnert1999,-28.47,113.77,coral,d18O,1795,1994,<1,Kuhnert,1999,kuhnert1999a,yes
Ocn_115,Ocean2kHR-IndianAqabaHeiss1994AQ18,29.42,34.97,coral,d18O,1788,1992,  1,HEISS,1999,heiss1999increased,yes
Ocn_116,Ocean2kHR-IndianAqabaHeiss1994AQ19,29.42,34.97,coral,d18O,1886,1992,  1,HEISS,1999,heiss1999increased,no
Ocn_118,Ocean2kHR-IndianNingalooKuhnert2000,-21.905,113.965,coral,d18O,1879,1995,<1,Kuhnert,2000,kuhnert2000monitoring,no
Ocn_119,Ocean2kHR-PacificClippertonLinsley2000,10.2773,-109.2131,coral,d18O,1894,1994,<1,Linsley,2000,linsley2000el,no
Ocn_120,Ocean2kHR-PacificFelis2009OgasawaraJapan,27.1059,142.1941,coral,d18O,1872,1995,<1,Felis,2009,felis2009subtropical,no
Ocn_121,Ocean2kHR-PacificFelis2009OgasawaraJapan,27.1059,142.1941,coral,Sr/Ca,1872,1995,<1,Felis,2009,felis2009subtropical,no
Ocn_122,Ocean2kHR-PacificGBRDruffel1999,-22.1,153,coral,d18O,1638,1983,  1,Druffel,1999,druffel1999variability,yes
Ocn_123,Ocean2kHR-PacificGorman2012Vanuatu,-15.94,166.04,coral,d18O,1843,2008,<1,Gorman,2012,gorman2012a,yes
Ocn_125,Ocean2kHR-PacificLinsley2006Rarotongad18O2R,-21.2378,-159.8278,coral,d18O,1727,1997,<1,Linsley,2006,linsley2006tracking,yes
Ocn_127,Ocean2kHR-PacificLinsley2006Rarotongad18O3R,-21.2378,-159.8278,coral,d18O,1875,2000,<1,Linsley,2006,linsley2006tracking,no
Ocn_128,Ocean2kHR-PacificNauruGuilderson1999,-0.53296,166.9283,coral,d18O,1898,1995,<1,Guilderson,1999,guilderson1999reliability,no
Ocn_129,Ocean2kHR-PacificNurhati2011,5.87,-162.13,coral,Sr/Ca,1886,1998,<1,Nurhati,2011,nurhati2011decadal,no
Ocn_130,Ocean2kHR-PacificQuinn2008Rabaul,-4.1916,151.9772,coral,d18O,1867,1998,<1,Quinn,2006,quinn2006coral,no
Ocn_131,Ocean2kHR-PacificQuinn2008Rabaul,-4.1916,151.9772,coral,Sr/Ca,1867,1998,<1,Quinn,2006,quinn2006coral,no
Ocn_132,Asia-SO9039KGSO1.Munz.2015,24.8333,65.9167,marine sediment,foraminifera,-117,1989,  8,Munz,2015,munz2015decadal,yes
Ocn_133,Eur-CoastofPortu.Abrantes.2011,41.1,-8.9,marine sediment,,971,1993,  9,Abrantes,2011,abrantes2011climate,yes
Ocn_134,Eur-NorthIceland.Ran.2011,66.5,-17.66,marine sediment,Diatoms, tranfers function,941,2006,  6,Ran,2011,ran2011diatom,yes
Ocn_135,Eur-SouthIceland.Moffa-Sanchez2014,61.42,-19.53,marine sediment,,798,1915, 14,Moffa-Sánchez,2014,moffa2014solar,yes
Ocn_136,O2kLR-P178-15.Tierney.2015,11.955,44.3,marine sediment,TEX86,1628,2000,  9,Tierney,2015,tierney2015past,yes
Ocn_137,O2kLR-P178-15.Tierney.2015,11.955,44.3,marine sediment,TEX86,131,1980, 15,Tierney,2015,tierney2015past,yes
Ocn_138,Ocean2kHR-AtlanticBermudaKuhnert2002,32.47,-64.7,coral,d18O,1519,1604,<1,Kuhnert,2002,kuhnert2002sea,yes
Ocn_139,Ocean2kHR-IndianMayotteZinke20082009,-12.65,45.1,coral,d18O,1866,1994,<1,Zinke,2008,zinke2008mayotte,no
Ocn_140,Ocean2kHR-AtlanticBahamasExumaRosenheim2005,23.766,-76.053,sclerosponge,d18O,1890,1990,  1,Rosenheim,2005,rosenheim2005salinity,no
Ocn_141,Ocean2kHR-AtlanticBahamasExumaRosenheim2005,23.766,-76.053,sclerosponge,Sr/Ca,1890,1990,  1,Rosenheim,2005,rosenheim2005salinity,no
Ocn_142,Ocean2kHR-AtlanticBahamasTOTORosenheim2005,23.504,-76.577,sclerosponge,d18O,1890,1990,  1,Rosenheim,2005,rosenheim2005salinity,no
Ocn_143,Ocean2kHR-AtlanticBahamasTOTORosenheim2005,23.504,-76.577,sclerosponge,Sr/Ca,1890,1990,  1,Rosenheim,2005,rosenheim2005salinity,no
Ocn_144,Ocean2kHR-AtlanticBermudaDraschba2000a,30.0867,-64.5417,coral,d18O,1856,1920,  3,Draschba,2000,draschba2000north,no
Ocn_145,Ocean2kHR-AtlanticBermudaDraschba2000b,30.0867,-64.5417,coral,d18O,1833,1904,  3,Draschba,2000,draschba2000north,yes
Ocn_146,Ocean2kHR-AtlanticCapeVerdeMoses2006,16.76,-22.8883,coral,d18O,1929,2002,<1,Moses,2006,moses2006evidence,no
Ocn_147,Ocean2kHR-AtlanticLosRoquesHetzinger2008,11.77,-66.75,coral,d18O,1918,2005,<1,Hetzinger,2008,hetzinger2008caribbean,no
Ocn_148,Ocean2kHR-AtlanticMaineWanamaker2008,43.6561,-69.8017,bivalve,d18O,1033,2003,  1,Wanamaker,2007,wanamaker2007coupled,yes
Ocn_149,Ocean2kHR-AtlanticMontegoBayHaaseSchramm2003,18.4667,-77.95,sclerosponge,d18O,1344,1991,  3,Haase-Schramm,2003,haase2003sr,yes
Ocn_150,Ocean2kHR-AtlanticMontegoBayHaaseSchramm2003,18.4667,-77.95,sclerosponge,Sr/Ca,1356,1991,  3,Haase-Schramm,2003,haase2003sr,yes
Ocn_151,Ocean2kHR-AtlanticPedroBankHaaseSchramm2003,17.5333,-78.95,sclerosponge,d18O,1389,1992,  5,Haase-Schramm,2003,haase2003sr,no
Ocn_152,Ocean2kHR-AtlanticPedroBankHaaseSchramm2003,17.5333,-78.95,sclerosponge,Sr/Ca,1384,1992,  5,Haase-Schramm,2003,haase2003sr,no
Ocn_153,Ocean2kHR-IndianAbrolhosZinke2014HAB05B,-28.4609,113.772,coral,Sr/Ca,1798,2010,  1,Zinke,2014,zinke2014corals,yes
Ocn_154,Ocean2kHR-IndianAbrolhosZinke2014HAB10A,-28.4589,113.749,coral,d18O,1848,2010,  1,Zinke,2014,zinke2014corals,yes
Ocn_155,Ocean2kHR-IndianAbrolhosZinke2014HAB10A,-28.4589,113.749,coral,Sr/Ca,1848,2010,  1,Zinke,2014,zinke2014corals,yes
Ocn_156,Ocean2kHR-IndianIfatyTulearZinke2014if1,-23.15,43.58,coral,d18O,1882,1994,  1,Zinke,2014,zinke2014madagascar,no
Ocn_157,Ocean2kHR-IndianIfatyTulearZinke2014tul3,-23.3572,43.6195,coral,d18O,1905,1994,  1,Zinke,2014,zinke2014madagascar,no
Ocn_158,Ocean2kHR-IndianWAGrowthAbrolhosCooper2012,-28.4667,113.7667,coral,calicifcationRate,1900,2010,  1,Cooper,2012,cooper2012growth,no
Ocn_159,Ocean2kHR-PacificClippertonClipp2bWu2014,10.2773,-109.2131,coral,Sr/Ca,1935,1994,<1,Wu,2014,wu2014investigation,no
Ocn_160,Ocean2kHR-PacificClippertonClipp4bWu2014,10.2773,-109.2131,coral,Sr/Ca,1894,1994,<1,Wu,2014,wu2014investigation,no
Ocn_161,Ocean2kHR-PacificClippertonClipp6aWu2014,10.2773,-109.2131,coral,Sr/Ca,1942,1994,<1,Wu,2014,wu2014investigation,no
Ocn_162,Ocean2kHR-PacificClippertonClippf1bWu2014,10.2773,-109.2131,coral,d18O,1874,1957,<1,Wu,2014,wu2014investigation,no
Ocn_163,Ocean2kHR-PacificClippertonClippf1bWu2014,10.2773,-109.2131,coral,Sr/Ca,1874,1957,<1,Wu,2014,wu2014investigation,no
Ocn_164,Ocean2kHR-PacificCoralSeaCalvo2007,-17.73,148.43,coral,d18O,1708,1988,  5,Calvo,2007,calvo2007interdecadal,yes
Ocn_165,Ocean2kHR-PacificCoralSeaCalvo2007,-17.73,148.43,coral,Sr/Ca,1708,1988,  5,Calvo,2007,calvo2007interdecadal,yes
Ocn_166,Ocean2kHR-PacificPNGTudhope1995,-5.22,145.82,coral,d18O,1923,1991,<1,Tudhope,1995,tudhope1995recent,no
Ocn_167,Ocean2kHR-PacificSCSSun2004,16.85,112.33,coral,Sr/Ca,1906,1994,<1,Sun,2004,sun2004strontium,no
Ocn_168,Ocean2kHR-AtlanticTobagoMoses2006Montastrea,11.17,-60.85,coral,d18O,1927,1990,  1,Moses,2006,moses2006stable,no
Ocn_169,Ocean2kHR-AtlanticTobagoMoses2006Sidereastrea,11.17,-60.85,coral,d18O,1932,1990,  1,Moses,2006,moses2006stable,no
Ocn_170,Ocean2kHR-IndianWAGrowthBundegiCooper2012,-21.8333,114.1833,coral,calicifcationRate,1900,2010,  1,Cooper,2012,cooper2012growth,no
Ocn_171,Ocean2kHR-IndianWAGrowthClerkeCooper2012,-17.2667,119.3667,coral,calicifcationRate,1900,2010,  1,Cooper,2012,cooper2012growth,no
Ocn_172,Ocean2kHR-IndianWAGrowthCoralBayCooper2012,-23.0333,113.8167,coral,calicifcationRate,1900,2010,  1,Cooper,2012,cooper2012growth,no
Ocn_173,Ocean2kHR-IndianWAGrowthImperieuseCooper2012,-17.5167,118.9667,coral,calicifcationRate,1900,2010,  1,Cooper,2012,cooper2012growth,no
Ocn_174,Ocean2kHR-IndianWAGrowthTantabiddiCooper2012,-21.9,113.9667,coral,calicifcationRate,1900,2010,  1,Cooper,2012,cooper2012growth,no
Ocn_175,Ocean2kHR-PacificGBRWei2009,-16.7167,146.0333,coral,d18O,1807,2004,  5,Wei,2009,wei2009evidence,yes
Ocn_176,Ocean2kHR-PacificGBRWei2009,-16.7167,146.0333,coral,Sr/Ca,1807,2004,  5,Wei,2009,wei2009evidence,yes
Ocn_177,Ocean2kHR-PacificKiritimatiEvans1998,1.6792,-157.2473,coral,d18O,1938,1994,<1,Evans,1998,evans1998a,no
Ocn_178,Ocean2kHR-PacificLinsley2006Rarotongad18O99,-21.2378,-159.8278,coral,d18O,1907,2000,<1,Linsley,2006,linsley2006tracking,no
Ocn_179,Ocean2kHR-PacificPalaurockislandsOsborne2014,7.2708,134.3837,coral,d18O,1899,2008,<1,Osborne,2014,osborne2014a,no
Ocn_180,Ocean2kHR-PacificPalauulongchannelOsborne2014,7.2859,134.2503,coral,d18O,1793,2008,<1,Osborne,2014,osborne2014a,yes
Ocn_181,Ocean2kHR-PacificVanuatuKilbourne2004,-15.7,167.2,coral,d18O,1929,1992,<1,Kilbourne,2004,kilbourne2004el,no
Ocn_182,Ocean2kHR-PacificVanuatuKilbourne2004,-15.7,167.2,coral,Sr/Ca,1929,1992,<1,Kilbourne,2004,kilbourne2004el,no
SAm_003,SAm-LagunaAculeo.vonGunten.2009,-33.85,-70.92,lake sediment,reflectance,856,1997,  1,von Gunten,2009,von2009a,yes
SAm_006,SAm-CAN11.Neukom.2014,-40.1,-72.05,tree,TRW,1492,1995,  1,Neukom,2014,neukom2014inter,yes
SAm_024,SAm-CAN6.Neukom.2014,-38.5,-71.5,tree,TRW,1436,2006,  1,Neukom,2014,neukom2014inter,yes
SAm_025,SAm-CAN9.Neukom.2014,-39.33,-71.25,tree,TRW,1636,2006,  1,Neukom,2014,neukom2014inter,yes
SAm_026,SAm-QuelccayaIce.Thompson.2013,-13.9333,-70.8333,glacier ice,d18O,226,2009,  1,Thompson,2013,thompson2013annually,yes
SAm_029,SAm-CAN15.Neukom2011,-41.17,-71.92,tree,TRW,1582,1991,  1,Neukom,2010,neukom2010multiproxy,yes
SAm_030,SAm-LagunaChepical.deJong.2013,-32.2667,-70.5,lake sediment,reflectance,-1161,2005,  1,de Jong,2013,de2013late,yes
SAm_031,SAm-LagunaEscondida.Elbert.2013,-45.5167,-71.8167,lake sediment,BSi,400,2008,  1,Elbert,2013,elbert2013late,yes