ID,Name,Lat,Lon,Archive,Proxy,minYear,maxYear,Resolution,Include in composite,First Author,Publication Year,DOI
Africa_001,Africa-ColdAirCave.Sundqvist.2013,-24,29.18,speleothem,d18O,1635,1992,  1,yes,Sundqvist,2013,'10.1038/srep01767'
Africa_004,Africa-LakeTanganyi.Tierney.2010,-6.03,28.53,lake sediment,alkenone,504,1986, 21,yes,Tierney,2010,'10.1038/NGEO865'
Ant_001,Ant-105thkm.Vladimirova.2014,-67.433,93.383,glacier ice,dD,1757,1987,  1,yes,Vladimirova,2014,[]
Ant_020,Ant-Ant2kicecoreITASE005FWestAnt,-77.68,-124,glacier ice,,1719,1999,  1,yes,Ahmed,2005,'10.1038/NGEO1797'
Ant_021,Ant-Ant2kicecoreITASSE001AWAISDivide,-79.384,-111.24,glacier ice,,1674,1999,  1,yes,Ahmed,2005,'10.1038/NGEO1797'
Ant_005,Ant-BerknerIslan.Mulvaney.2002,-79.57,-45.72,glacier ice,d18O,1000,1992,  1,yes,Ruth,2002,'10.3189/172756404781814104'
Ant_017,Ant-CoastalDML.Thamban.2006,-70.86,11.54,glacier ice,d18O,1533,1993,  1,yes,Ahmed,2011,'10.1038/NGEO1797'
Ant_011,Ant-DSS.Moy.2012,-66.77,112.807,glacier ice,d18O,173,1994,  1,yes,Ahmed,2012,'10.1038/NGEO1797'
Ant_013,Ant-DomeC.Jouzel.2001,-75.1,123.39,glacier ice,dD,3,1910, 14,yes,Jouzel,2001,[]
Ant_012,Ant-DomeC.Stenni.2001,-75.1,123.39,glacier ice,d18O,3,1910, 14,yes,Jouzel,2001,[]
Ant_010,Ant-DomeF.Horiuchi.2008,-77.32,39.7,glacier ice,d18O,695,1869, 10,yes,Horiuchi,2008,'10.1016/j.quageo.2008.01.003'
Ant_009,Ant-DomeF.Watanabe.1997,-77.32,39.7,glacier ice,d18O,424,1462,  4,yes,Motizuki,1997,'10.5194/tcd-8-769-2014'
Ant_014,Ant-Ferrigno.Thomas.2013,-74.57,-86.9,glacier ice,dD,1703,2010,  1,yes,Thomas,2013,'10.1002/2013GL057782'
Ant_022,Ant-JamesRossIsl.Mulvaney.2012,-64.2017,-57.685,glacier ice,dD,-1,2006,  1,yes,Abram,2012,'10.1038/ngeo1787'
LPD7abab671,Ant-LawDomeBoreholeReconstruction,-66.7697,112.8069,borehole,,-5502,1995, 94,no,Dahl-Jensen,1999,[]
Ant_033,Ant-MES.Bertler.2012,-77.515,167.6765,glacier ice,dD,1473,2007,<1,yes,Rhodes,2012,'10.5194/cp-8-1223-2012'
LPDe6426627,Ant-MillIslandBoreholeReconstruction,-65.5572,100.7865,borehole,,1922,2011,<1,no,Roberts,2013,[]
Ant_023,Ant-PlateauRemot.Cole-Dai.1996,-84,43,glacier ice,d18O,2,1985,  1,yes,Ahmed,2000,'10.1038/NGEO1797'
Ant_024,Ant-SipleStation.Mosley-Thompson.1990,-75.92,-84.25,glacier ice,d18O,1417,1982,  1,yes,Ahmed,1990,'10.1038/NGEO1797'
Ant_007,Ant-SiteDML05.Graf.2000,-75,-0.01,glacier ice,d18O,166,1995,  1,yes,Ahmed,2002,'10.1038/NGEO1797'
Ant_006,Ant-SiteDML07.Graf.2000,-75.58,-3.43,glacier ice,d18O,1000,1994,  1,yes,Sommer,2002,'10.1029/2000JD900450'
Ant_008,Ant-SiteDML17.Graf.2000,-75.17,6.5,glacier ice,d18O,1000,1996,  1,yes,Sommer,2002,'10.1029/2000JD900450'
Ant_025,Ant-TALDICE.Stenni.2011,-72.82,159.18,glacier ice,d18O,4,1987, 12,yes,Stenni,2011,'10.1038/NGEO1026'
Ant_026,Ant-TalosDome.Stenni.2002,-72.8,159.06,glacier ice,dD,1232,1994,  1,yes,Ahmed,2002,'10.1038/NGEO1797'
Ant_035,Ant-TaylorDome.Steig.2000,-77.78,158.72,glacier ice,d18O,-25,1938,  2,yes,Steig,2000,'10.1111/j.0435-3676.2000.00122.x'
Ant_036,Ant-USITASE19991.Steig.2013,-80.62,-122.63,glacier ice,d18O,1724,2000,<1,yes,Steig,2013,'10.1038/ngeo1778'
Ant_037,Ant-USITASE20001.Steig.2013,-79.3838,-111.24,glacier ice,d18O,1673,2001,<1,yes,Steig,2013,'10.1038/ngeo1778'
Ant_040,Ant-USITASE20004.Steig.2013,-78.0829,-120.0764,glacier ice,d18O,1798,2000,<1,yes,Steig,2013,'10.1038/ngeo1778'
Ant_041,Ant-USITASE20005.Steig.2013,-77.683,-123.995,glacier ice,d18O,1718,1999,<1,yes,Steig,2013,'10.1038/ngeo1778'
Ant_047,Ant-USITASE20015.Steig.2013,-77.0593,-89.1376,glacier ice,d18O,1780,2002,<1,yes,Steig,2013,'10.1038/ngeo1778'
Ant_050,Ant-USITASE20024.Steig.2013,-86.5,-107.99,glacier ice,d18O,1594,2003,<1,yes,Steig,2013,'10.1038/ngeo1778'
Ant_027,Ant-VLG.Bertler.2011,-77.3302,162.5332,glacier ice,dD,1140,1999,  1,yes,Bertler,2011,'10.1016/j.epsl.2011.05.021'
Ant_028,Ant-Vostok.Ekaykin.2014,-78.2785,104.8005,glacier ice,dD,1654,2010,  1,yes,Ekaykin,2014,'10.3189/201AoG66A189'
Ant_030,Ant-WDC05A.Steig.2013,-79.46,-112.09,glacier ice,d18O,786,2004,  1,yes,Steig,2013,'10.1038/NGEO1778'
LPDb9285123,Ant-WDC05ABoreholeTreconstruction,-79.463,-112.125,borehole,,9,2007,  1,no,Orsi,2012,[]
Ant_031,Ant-WDC06A.Steig.2013,-79.46,-112.09,glacier ice,d18O,1,1583,  1,yes,Steig,2013,'10.1038/NGEO1778'
Arc_032,Arc-Agassiz.Vinther.2008,80.7,-73.1,glacier ice,d18O,-1,1972,  1,yes,Vinther,2008,'10.1029/2007JD009143'
Arc_089,Arc-AkademiiNauk.Opel.2013,80.52,94.82,glacier ice,d18O,900,1998,  1,yes,Opel,2013,'10.5194/cp-9-2379-2013'
Arc_060,Arc-Arjeplog.Bjorklund.2014,66.3,18.2,tree,MXD,1200,2010,  1,yes,Björklund,2014,'10.5194/cp-10-877-2014'
Arc_058,Arc-Armarnaes.Bjorkelund.2013,65.9,16.1,tree,MXD,1550,2010,  1,yes,Björklund,2013,'10.1007/s00704-012-0787-7'
Arc_018,Arc-Austfonna.Isaksson.2005,79.83,24.02,glacier ice,d18O,1400,1998,  1,yes,ISAKSSON,2005,'10.1111/j.0435-3676.2005.00253.x'
Arc_002,Arc-Avam-Taimyr.Briffa.2008,72,101,tree,TRW,-1,2000,  1,yes,Briffa,2008,'10.1098/rstb.2007.2199'
Arc_042,Arc-BrayaSo.DAndrea.2011,67,-50.7,lake sediment,alkenone,-998,1999, 29,yes,DAndrea,2011,'10.1073/pnas.1101708108'
Arc_033,Arc-Crete.Vinther.2010,71.12,-37.32,glacier ice,d18O,553,1973,  1,yes,Vinther,2010,'10.1016/j.quascirev.2009.11.002'
Arc_034,Arc-Dye.Vinther.2010,65.18,-43.83,glacier ice,d18O,1,1978,  1,yes,Vinther,2010,'10.1016/j.quascirev.2009.11.002'
Arc_086,Arc-Forfjordalen.Loader.2013,69.08,17.22,tree,MXD,1100,2007,  1,yes,McCarroll,2013,'10.1177/0959683612467483'
Arc_035,Arc-GRIP.Vinther.2010,72.58,-37.64,glacier ice,d18O,1,1979,  1,yes,Vinther,2010,'10.1016/j.quascirev.2009.11.002'
Arc_007,Arc-GulfofAlaska.Gregory.2014,61.03,-146.59,tree,TRW,800,2010,  1,yes,Gregory,2014,[]
Arc_073,Arc-HalletLake.McKay.2008,61.5,-146.2,lake sediment,Bsi,116,2005, 11,yes,McKay,2008,'10.1029/2007GL032876'
Arc_040,Arc-HudsonLake.Clegg.2011,61.9,-145.66,lake sediment,midge,-837,1997, 47,yes,Barley,2011,'10.1007/s10933-006-0014-6'
Arc_036,Arc-Iceland.Bergthorsson.1969,64.77,-18.37,documents,historic,945,1935, 30,yes,Bergthorsson,1969,[]
Arc_016,Arc-Indigurka.Hughes.1999,69.5,147,tree,TRW,1259,1994,  1,yes,Hughes,1999,'10.1191/095968399671321516'
Arc_062,Arc-Jamtland.Bjorklund.2014,63.1,15,tree,MXD,1300,2008,  1,yes,Björklund,2014,'10.5194/cp-10-877-2014'
Arc_013,Arc-Jamtland.Gunnarson.2011,63.2,13.3,tree,MXD,1107,2000,  1,yes,Gunnarson,2011,[]
Arc_057,Arc-Kittelfjall.Bjorkelund.2013,65.2,15.5,tree,MXD,1550,2007,  1,yes,Björklund,2013,'10.1007/s00704-012-0787-7'
Arc_078,Arc-Kongressvatn.DAndrea.2012,78.0217,13.9311,lake sediment,alkenone,232,2008, 10,yes,DAndrea,2012,'10.1130/G33365.1'
Arc_052,Arc-Lake4.Rolland.2009,65.1,-83.79,lake sediment,chironomid,634,1997, 50,yes,Birks,2009,'10.1023/A:1008038808690'
Arc_024,Arc-LakeDonardBa.Moore.2001,66.73,-61.35,lake sediment,varve,752,1992,  1,yes,Moore,2001,'10.1023/A:1011181301514'
Arc_079,Arc-LakeE.DAndrea.2011,67,-50.7,lake sediment,alkenone,-3642,1876, 19,yes,DAndrea,2011,'10.1073/pnas.1101708108'
Arc_049,Arc-LakePieni-Ka.Luoto.2010,64.28,30.12,lake sediment,chironomid,462,1979, 44,yes,Luoto,2010,[]
Arc_023,Arc-LenaRiver.MacDonald.1998,70.67,125.87,tree,TRW,1490,1994,  1,yes,MacDonald,1998,'10.2307/1552005'
Arc_066,Arc-Lomonosovfon.Divine.2013,78.8647,17.425,glacier ice,d18O,769,1997,  1,yes,Divine,2013,'10.3402/polar.v30i0.7379'
Arc_045,Arc-MD992275.Jiang.2005,66.55,-17.37,marine sediment,alkenone,157,1952, 17,yes,ter,2005,'10.1007/BF00028046'
Arc_093,Arc-MackenzieDelta.Porter.2013,68.625,-133.87,tree,TRW,1245,2007,  1,yes,Porter,2013,'10.1007/s00382-013-1674-3'
Arc_096,Arc-MackenzieDelta.Porter.2013,68.625,-133.87,tree,d18O,1781,2004,  1,yes,Porter,2013,'10.1007/s00382-013-1674-3'
Arc_031,Arc-NGRIP1.Vinther.2006,75.1,-42.32,glacier ice,d18O,-1,1995,  1,yes,Vinther,2006,'10.1029/2005JD006921'
Arc_026,Arc-NGTB16.Fischer.1998,73.94,-37.63,glacier ice,d18O,1478,1992,  1,yes,Fischer,1998,'10.1029/98GL01177'
Arc_027,Arc-NGTB18.Fischer.1998,76.62,-36.4,glacier ice,d18O,871,1992,  1,yes,Fischer,1998,'10.1029/98GL01177'
Arc_028,Arc-NGTB21.Fischer.1998,80,-41.14,glacier ice,d18O,1397,1993,  1,yes,Fischer,1998,'10.1029/98GL01177'
Arc_044,Arc-PennyIceCapP.Fisher.1998,67.25,-66.75,glacier ice,d18O,5,1980, 25,yes,Fisher,1998,'10.1126/science.279.5351.692'
Arc_051,Arc-PennyIceCapP.Okuyama.2003,67.25,-66.75,glacier ice,melt,9,1984, 25,yes,Okuyama,2003,'10.1029/2001JB001707'
Arc_056,Arc-Renland.Vinther.2008,71.27,-26.73,glacier ice,d18O,3,1983,  5,yes,Vinther,2008,'10.1029/2007JD009143'
Arc_041,Arc-ScreamingLynx.Clegg.2011,66.07,-145.4,lake sediment,midge,-1067,1988, 51,yes,Barley,2011,'10.1007/s10933-006-0014-6'
Arc_076,Arc-SoperLakeBaf.Hughen.2000,62.917,-69.883,lake sediment,varve,1514,1992,  1,yes,Hughen,2000,'10.1191/095968300676746202'
Arc_053,Arc-StoreggaSlid.Sejrup.2011,63.76,5.26,marine sediment,d18O,-957,1999,  7,yes,Sejrup,2011,'10.1016/j.quascirev.2011.07.025'
Arc_059,Arc-Tjeggelvas.Bjorkelund.2013,66.6,17.6,tree,MXD,1550,2010,  1,yes,Björklund,2013,'10.1007/s00704-012-0787-7'
Arc_012,Arc-Tornetrask.Melvin.2013,68.26,19.6,tree,MXD,-39,2010,  1,yes,Melvin,2013,'?'
Arc_097,Arc-Tornio.Loader.2011,65.84,24.819,documents,historic,1695,2011,  1,yes,Loader,2011,'10.1002/jqs.1528'
Arc_037,Arc-VoringPlateau.Berner.2011,66.97,7.64,marine sediment,diatom,-4076,1995, 12,yes,ter,2011,'10.1007/BF00028046'
Arc_100,Arc-Yamalia.Briffa.2013,68.4,66.85,tree,TRW,914,2003,  1,yes,Briffa,2013,'10.1016/j.quascirev.2013.04.008'
Asia_079,Asia-10GKP,27.58,99.35,tree,TRW,1429,2005,  1,yes,,,[]
Asia_080,Asia-11YCT,27.58,99.28,tree,TRW,1542,2005,  1,yes,,,[]
Asia_081,Asia-12YMA,28.03,99.02,tree,TRW,1489,2005,  1,yes,,,[]
Asia_082,Asia-13YET,28.03,98.98,tree,TRW,1393,2005,  1,yes,,,[]
Asia_083,Asia-22DLT,27.88,98.4,tree,TRW,1530,2005,  1,yes,,,[]
Asia_167,Asia-AGHERI,29.48,82.08,tree,TRW,1420,1997,  1,yes,,,[]
Asia_126,Asia-AJTMJT,40.2,72.58,tree,TRW,1420,1995,  1,yes,,,[]
Asia_139,Asia-ANKHLS,48.6,88.37,tree,TRW,1469,2004,  1,yes,,,[]
Asia_184,Asia-ASTABP,35.33,74.8,tree,TRW,1505,2005,  1,yes,,,[]
Asia_185,Asia-ASTPIW,35.33,74.8,tree,TRW,1317,2005,  1,yes,,,[]
Asia_001,Asia-Aktru2.Panyushkina.2005,50.08,87.77,tree,TRW,1495,1998,  1,yes,Panyushkina,2005,'10.3959/1536-1098-61.1.33'
Asia_186,Asia-BAG1JU,36.03,74.58,tree,TRW,1593,1993,  1,yes,,,[]
Asia_187,Asia-BAG2JU,36.03,74.58,tree,TRW,1369,1993,  1,yes,,,[]
Asia_188,Asia-BAG4JU,36.03,74.58,tree,TRW,1438,1993,  1,yes,,,[]
Asia_189,Asia-BAG5JU,36.03,74.58,tree,TRW,1240,1993,  1,yes,,,[]
Asia_061,Asia-BARELC,33.75,107.8,tree,TRW,1600,1992,  1,yes,,,[]
Asia_071,Asia-BAWSIC,31.78,101.92,tree,TRW,1575,2007,  1,yes,,,[]
Asia_140,Asia-BAYHLS,46.32,101.32,tree,TRW,1599,2001,  1,yes,,,[]
Asia_229,Asia-BDFLON,12.22,108.73,tree,TRW,1030,2008,  1,yes,,,[]
Asia_168,Asia-BHULJR,27.7,86.45,tree,TRW,1417,1998,  1,yes,,,[]
Asia_034,Asia-BHUTSP,27.45,90,tree,TRW,1280,2005,  1,yes,,,[]
Asia_029,Asia-BHUTTD,27.67,90.72,tree,TRW,1450,2003,  1,yes,,,[]
Asia_142,Asia-BIARLS,49.97,90.98,tree,TRW,1519,2005,  1,yes,,,[]
Asia_141,Asia-BIGELS,49.97,91,tree,TRW,1350,2005,  1,yes,,,[]
Asia_064,Asia-BLKALS,43.85,93.3,tree,TRW,1571,2002,  1,yes,,,[]
Asia_121,Asia-BONKJT,40.17,72.58,tree,TRW,1346,1995,  1,yes,,,[]
Asia_190,Asia-BUKCDD,35.68,71.63,tree,TRW,1411,2006,  1,yes,,,[]
Asia_191,Asia-BUKPIG,35.68,71.63,tree,TRW,1403,2006,  1,yes,,,[]
Asia_143,Asia-BULGLS,47.1,90.97,tree,TRW,1375,2004,  1,yes,,,[]
Asia_178,Asia-BURGPW,28.77,83.73,tree,TRW,1303,1996,  1,yes,,,[]
Asia_030,Asia-CAMGSP,27.63,90.13,tree,TRW,1400,2005,  1,yes,,,[]
Asia_225,Asia-CENTIB,29.35,92,tree,TRW,1285,2008,  1,yes,,,[]
Asia_192,Asia-CGPCDD,35.9,71.73,tree,TRW,1537,2006,  1,yes,,,[]
Asia_193,Asia-CGPPIG,35.9,71.73,tree,TRW,1260,2006,  1,yes,,,[]
Asia_169,Asia-CHDAND,27.7,86.28,tree,TRW,1546,1998,  1,yes,,,[]
Asia_194,Asia-CHEPCS,35.03,74.58,tree,TRW,1394,2005,  1,yes,,,[]
Asia_217,Asia-CHOLPB,31.95,98.87,tree,TRW,1519,1996,  1,yes,,,[]
Asia_195,Asia-CHP2JU,36.33,74.03,tree,TRW,1032,1993,  1,yes,,,[]
Asia_196,Asia-CHP3JU,36.33,74.03,tree,TRW,1141,1993,  1,yes,,,[]
Asia_227,Asia-CILAUP,24.53,121.38,tree,TRW,907,2007,  1,yes,,,[]
Asia_320,Asia-CentralChina.Wang.1998,29,113,documents,historic,1470,1990, 10,yes,Wang,1998,[]
LPDdc74a376,Asia-Chu.2012.Sihailongwanlake,42.17,126.36,lake sediment,,392,2002, 19,yes,Guoqiang,2012,[]
Asia_040,Asia-DAOSIC,29.28,100.08,tree,TRW,1540,2006,  1,yes,,,[]
Asia_144,Asia-DAYNLS,48.27,88.87,tree,TRW,1537,2005,  1,yes,,,[]
Asia_171,Asia-DDANJR,27.73,86.33,tree,TRW,1445,1998,  1,yes,,,[]
Asia_220,Asia-DENSJT,29.3,91.97,tree,TRW,1217,1998,  1,yes,,,[]
Asia_170,Asia-DEORLA,28.38,83.7,tree,TRW,1395,1997,  1,yes,,,[]
Asia_043,Asia-DEZQIN,34.75,100.82,tree,TRW,1287,2004,  1,yes,,,[]
Asia_031,Asia-DHURPS,27.58,90.65,tree,TRW,1280,2003,  1,yes,,,[]
Asia_084,Asia-DLH1,37.47,97.23,tree,TRW,843,2001,  1,yes,,,[]
Asia_085,Asia-DLH2,37.47,97.22,tree,TRW,828,2001,  1,yes,,,[]
Asia_086,Asia-DLH3,37.45,97.53,tree,TRW,404,2002,  1,yes,,,[]
Asia_087,Asia-DLH4,37.43,98.05,tree,TRW,451,2002,  1,yes,,,[]
Asia_088,Asia-DLH5,37.45,97.78,tree,TRW,711,2003,  1,yes,,,[]
Asia_089,Asia-DLH6,37.52,97.05,tree,TRW,1237,2002,  1,yes,,,[]
Asia_075,Asia-DQHZHO,35,100.07,tree,TRW,1433,2004,  1,yes,,,[]
Asia_048,Asia-DULAJP,36.3,98.08,tree,TRW,159,1993,  1,yes,,,[]
Asia_050,Asia-DUSHJP,36.65,98.08,tree,TRW,840,1993,  1,yes,,,[]
Asia_236,Asia-Dasuopu.Thompson.2000,28.38,85.72,glacier ice,d18O,1450,1996,  1,yes,Thompson,2000,'10.1126/science.289.5486.1916'
Asia_002,Asia-Djaz.Magda.2011,49.62,88.1,tree,TRW,1561,2000,  1,yes,Magda,2011,'10.1134/S1995425511070034'
Asia_197,Asia-DskJUE,35.45,74.78,tree,TRW,1290,2007,  1,yes,,,[]
Asia_182,Asia-ENEPAB,27.73,87.2,tree,TRW,1509,1999,  1,yes,,,[]
Asia_136,Asia-ENGILC,42.15,79.47,tree,TRW,1301,2005,  1,yes,,,[]
Asia_131,Asia-ESPERG,40.17,72.58,tree,TRW,1340,1995,  1,yes,,,[]
Asia_183,Asia-ESPPAK,35.17,75.5,tree,TRW,700,1993,  1,yes,,,[]
Asia_317,Asia-EastChina.Wang.1990,50.5,49.0714,documents,historic,1470,1970, 10,yes,Wang,1990,[]
Asia_318,Asia-EastChinareg.Wang.1998,34,120,documents,historic,1380,1990, 10,yes,Wang,1998,[]
Asia_321,Asia-FujianandTai.Wang.1998,24,121,documents,historic,1500,1960, 10,yes,Wang,1998,[]
Asia_102,Asia-GANGCD,30.98,78.93,tree,TRW,1567,1999,  1,yes,,,[]
Asia_025,Asia-GAYTTD,27.58,90.65,tree,TRW,1294,2003,  1,yes,,,[]
Asia_122,Asia-GEFKJT,40.17,72.58,tree,TRW,1591,1995,  1,yes,,,[]
Asia_032,Asia-GEYZSP,27.42,90.97,tree,TRW,1457,2002,  1,yes,,,[]
Asia_047,Asia-GHEGAN,37.93,101.53,tree,TRW,1288,2000,  1,yes,,,[]
Asia_179,Asia-GHUNAB,27.5,88.02,tree,TRW,1525,1999,  1,yes,,,[]
Asia_172,Asia-GHURCH,29.47,82.12,tree,TRW,1530,1997,  1,yes,,,[]
Asia_044,Asia-GOUQIN,34.73,100.8,tree,TRW,1346,2004,  1,yes,,,[]
Asia_123,Asia-GRAKJT,40.17,72.58,tree,TRW,1378,1995,  1,yes,,,[]
Asia_329,Asia-Guangdong.Zheng.1982,23.16,113.23,documents,historic,1470,1940, 10,yes,Zheng,1982,[]
Asia_326,Asia-Guangdongand.Zhang.1980,23.5,112.5,documents,historic,1470,1960, 10,yes,Zhang,1980,[]
Asia_247,Asia-Guliya.Thompson.1997,35.28,81.48,glacier ice,d18O,5,1985, 10,yes,Thompson,1997,'10.1126/science.276.5320.1821'
Asia_060,Asia-HBHXJP,34.78,100.82,tree,TRW,1500,2002,  1,yes,,,[]
Asia_058,Asia-HBLXJP,34.78,100.82,tree,TRW,1520,2002,  1,yes,,,[]
Asia_059,Asia-HBMXJP,34.78,100.82,tree,TRW,1310,2002,  1,yes,,,[]
Asia_045,Asia-HEBQIN,34.73,100.78,tree,TRW,1475,2004,  1,yes,,,[]
Asia_145,Asia-HENTLS,48.35,107.47,tree,TRW,996,2002,  1,yes,,,[]
Asia_124,Asia-HOCKJT,40.17,72.58,tree,TRW,1316,1995,  1,yes,,,[]
Asia_146,Asia-HORBLS,49.37,94.88,tree,TRW,1550,1997,  1,yes,,,[]
Asia_215,Asia-HRPCSM,35.88,74.88,tree,TRW,1467,2009,  1,yes,,,[]
Asia_090,Asia-HSE,34.47,110.08,tree,TRW,1458,2005,  1,yes,,,[]
Asia_091,Asia-HSS,34.47,110.08,tree,TRW,1512,2005,  1,yes,,,[]
Asia_092,Asia-HSW,34.47,110.08,tree,TRW,1359,2005,  1,yes,,,[]
Asia_062,Asia-HUASPI,34.48,110.08,tree,TRW,1540,1990,  1,yes,,,[]
Asia_074,Asia-HXBURU,43.18,87.18,tree,TRW,1543,1993,  1,yes,,,[]
Asia_077,Asia-HYGJUP,38.7,99.68,tree,TRW,540,2006,  1,yes,,,[]
Asia_328,Asia-HunanJiangsu.Zhang.1980,28,116.5,documents,historic,1470,1960, 10,yes,Zhang,1980,[]
Asia_165,Asia-Hushre,46.78,101.95,tree,TRW,1503,2009,  1,yes,,,[]
Asia_198,Asia-ISBCDD,35.35,71.93,tree,TRW,1511,2006,  1,yes,,,[]
Asia_107,Asia-JANCD,31.37,78.17,tree,TRW,1538,2004,  1,yes,,,[]
Asia_199,Asia-JOTPIG,35.4,74.12,tree,TRW,1559,2007,  1,yes,,,[]
Asia_200,Asia-JUTPCS,35.83,74.33,tree,TRW,1523,2008,  1,yes,,,[]
Asia_003,Asia-Jabe.Ovchinnikov.2000,50.87,85.23,tree,TRW,1568,1995,  1,yes,Ovtchinnikov,2000,[]
Asia_201,Asia-KARPCS,35.88,74.18,tree,TRW,1574,2008,  1,yes,,,[]
Asia_173,Asia-KATKUW,29.52,82.03,tree,TRW,1566,1997,  1,yes,,,[]
Asia_106,Asia-KERALA,10,76.67,tree,TRW,1481,2003,  1,yes,,,[]
Asia_147,Asia-KHELLS,49.92,91.57,tree,TRW,1326,1998,  1,yes,,,[]
Asia_148,Asia-KHOGLS,48.17,99.87,tree,TRW,1340,2000,  1,yes,,,[]
Asia_149,Asia-KHOTLS,48.5,88.5,tree,TRW,1215,2004,  1,yes,,,[]
Asia_150,Asia-KHOVLS,48.7,88.8,tree,TRW,1565,2004,  1,yes,,,[]
Asia_127,Asia-KJTRJT,39.92,71.47,tree,TRW,1019,1995,  1,yes,,,[]
Asia_120,Asia-KMD,33.73,133.12,tree,TRW,1600,2001,  1,yes,,,[]
Asia_135,Asia-KOELIU,42.2,79.05,tree,TRW,1450,2005,  1,yes,,,[]
Asia_137,Asia-KOKKIY,42.42,78.97,tree,TRW,1551,2005,  1,yes,,,[]
Asia_133,Asia-KRNKAM,55,160.5,tree,TRW,1580,2001,  1,yes,,,[]
Asia_110,Asia-KUNASH,43.88,145.6,tree,TRW,1585,2000,  1,yes,,,[]
Asia_007,Asia-Korumdu.Panyushkina.2005,50.14,87.72,tree,TRW,1418,1999,  1,yes,Panyushkina,2005,'10.3959/1536-1098-61.1.33'
Asia_235,Asia-KunashirIsla.Demezhko.2009,43.955,145.725,hybrid,borehole/TRW,1585,2000,  1,yes,Demezhko,2009,[]
Asia_004,Asia-Kur2.Magda.2011,50.3,87.83,tree,TRW,1538,2000,  1,yes,Magda,2011,'10.1134/S1995425511070034'
Asia_005,Asia-Kur3.Magda.2011,50.27,87.83,tree,TRW,1497,2000,  1,yes,Magda,2011,'10.1134/S1995425511070034'
Asia_046,Asia-LAJQIN,34.72,100.72,tree,TRW,1446,2004,  1,yes,,,[]
Asia_180,Asia-LAMIAB,27.5,87.98,tree,TRW,1561,1999,  1,yes,,,[]
Asia_174,Asia-LANGTD,28.18,85.43,tree,TRW,1559,1994,  1,yes,,,[]
Asia_035,Asia-LAYAJR,27.95,89.75,tree,TRW,1453,2006,  1,yes,,,[]
Asia_175,Asia-LUKUTD,27.78,87.27,tree,TRW,856,1996,  1,yes,,,[]
Asia_324,Asia-Lowerreaches.Zhang.1980,32.1,118.8,documents,historic,1470,1960, 10,yes,Zhang,1980,[]
Asia_222,Asia-MAINJT,29.07,93.95,tree,TRW,1047,1993,  1,yes,,,[]
Asia_151,Asia-MANDLS,46.82,100.12,tree,TRW,1411,2002,  1,yes,,,[]
Asia_152,Asia-MANHPS,47.77,107,tree,TRW,1506,1994,  1,yes,,,[]
Asia_041,Asia-MAXSIC,29.15,99.93,tree,TRW,1509,2006,  1,yes,,,[]
Asia_228,Asia-MCCHFH,21.67,104.1,tree,TRW,1470,2004,  1,yes,,,[]
Asia_226,Asia-MHGSTG,19.28,98.93,tree,TRW,1558,2005,  1,yes,,,[]
Asia_128,Asia-MJTQJT,40.17,72.62,tree,TRW,1427,1995,  1,yes,,,[]
Asia_202,Asia-MOR1JU,36.58,75.08,tree,TRW,476,1990,  1,yes,,,[]
Asia_203,Asia-MOR2JU,36.58,75.08,tree,TRW,968,1990,  1,yes,,,[]
Asia_204,Asia-MOR3JU,36.58,75.08,tree,TRW,554,1990,  1,yes,,,[]
Asia_205,Asia-MOR4JU,36.58,75.08,tree,TRW,1069,1990,  1,yes,,,[]
Asia_078,Asia-MQACJP,35.07,100.35,tree,TRW,1082,2001,  1,yes,,,[]
Asia_051,Asia-MQAXJP,35.07,100.35,tree,TRW,1082,2001,  1,yes,,,[]
Asia_052,Asia-MQBXJP,34.78,99.78,tree,TRW,470,2002,  1,yes,,,[]
Asia_053,Asia-MQDXJP,34.72,99.67,tree,TRW,1163,2001,  1,yes,,,[]
Asia_054,Asia-MQFXJP,34.75,99.68,tree,TRW,1230,2002,  1,yes,,,[]
Asia_055,Asia-MQRXJP,34.75,99.68,tree,TRW,960,2002,  1,yes,,,[]
Asia_006,Asia-MS.Magda.2011,49.72,87.28,tree,TRW,1542,2000,  1,yes,Magda,2011,'10.1134/S1995425511070034'
Asia_206,Asia-MSFCDD,35.5,74.08,tree,TRW,1296,2007,  1,yes,,,[]
Asia_112,Asia-MSR,44.35,142.18,tree,TRW,1575,1999,  1,yes,,,[]
Asia_109,Asia-MTASMD,43.77,142.55,tree,TRW,1557,1997,  1,yes,,,[]
Asia_108,Asia-MTASSP,43.77,142.55,tree,TRW,1532,1997,  1,yes,,,[]
Asia_176,Asia-MUMBAS,27.67,87.2,tree,TRW,1546,1996,  1,yes,,,[]
Asia_101,Asia-MUNATG,-5.5,123,tree,TRW,1565,2005,  1,yes,,,[]
Asia_125,Asia-MURKJT,40.17,72.58,tree,TRW,1157,1995,  1,yes,,,[]
Asia_207,Asia-MUSPIG,35.5,74.75,tree,TRW,1362,2007,  1,yes,,,[]
Asia_325,Asia-Middlereache.Zhang.1980,30.5,114.5,documents,historic,1470,1960, 10,yes,Zhang,1980,[]
Asia_138,Asia-NANENG,42.15,79.45,tree,TRW,1528,2005,  1,yes,,,[]
Asia_105,Asia-NARANG,10.18,76.87,tree,TRW,1481,2003,  1,yes,,,[]
Asia_104,Asia-NARKAB,31.2,77.23,tree,TRW,1590,1990,  1,yes,,,[]
Asia_026,Asia-NASPTD,27.67,90.73,tree,TRW,1454,2003,  1,yes,,,[]
Asia_208,Asia-NLTJUE,36.15,74.18,tree,TRW,1497,2009,  1,yes,,,[]
Asia_209,Asia-NLTPCS,36.15,74.18,tree,TRW,1387,2005,  1,yes,,,[]
Asia_216,Asia-NOGSAK,51.83,143.13,tree,TRW,1570,2003,  1,yes,,,[]
Asia_223,Asia-NYINJT,29.62,94.67,tree,TRW,1568,1993,  1,yes,,,[]
Asia_113,Asia-ONB,43.22,145.47,tree,TRW,1511,1998,  1,yes,,,[]
Asia_153,Asia-ONONLS,48.83,111.68,tree,TRW,1576,2001,  1,yes,,,[]
Asia_154,Asia-OVOOLS,49.87,91.43,tree,TRW,1249,1998,  1,yes,,,[]
Asia_033,Asia-PEMBSP,27.25,89.38,tree,TRW,1484,2005,  1,yes,,,[]
Asia_027,Asia-PHUMTD,27.7,90.77,tree,TRW,1520,2003,  1,yes,,,[]
Asia_072,Asia-PTCYUN,27.37,99.37,tree,TRW,1498,2007,  1,yes,,,[]
Asia_305,Asia-Puruogangri.Thompson.2006,33.9167,89.0833,glacier ice,d18O,5,1995, 10,yes,Thompson,2006,'10.3189/172756406781812357'
Asia_221,Asia-QAMDJT,31.12,97.03,tree,TRW,449,2004,  1,yes,,,[]
Asia_218,Asia-QAMDPB,31.12,97.03,tree,TRW,1406,1994,  1,yes,,,[]
Asia_093,Asia-QML,33.8,96.13,tree,TRW,1480,2002,  1,yes,,,[]
Asia_067,Asia-QUMAJP,33.8,96.13,tree,TRW,1480,2002,  1,yes,,,[]
Asia_177,Asia-RACHAS,27.73,87.2,tree,TRW,1509,1996,  1,yes,,,[]
Asia_103,Asia-RANGCD,33.08,76.43,tree,TRW,1388,2002,  1,yes,,,[]
Asia_224,Asia-RETIJT,30.3,91.52,tree,TRW,1080,1998,  1,yes,,,[]
Asia_219,Asia-RIWOPB,31.23,96.48,tree,TRW,1547,1994,  1,yes,,,[]
Asia_063,Asia-SANGTS,33.65,107.8,tree,TRW,1575,1992,  1,yes,,,[]
Asia_210,Asia-SAT1JU,35.17,75.5,tree,TRW,1412,1993,  1,yes,,,[]
Asia_211,Asia-SAT2JU,35.17,75.5,tree,TRW,736,1993,  1,yes,,,[]
Asia_212,Asia-SAT3JU,35.17,75.5,tree,TRW,388,1993,  1,yes,,,[]
Asia_049,Asia-SHENJP,37,98.08,tree,TRW,840,1993,  1,yes,,,[]
Asia_132,Asia-SHIESP,39.83,71.5,tree,TRW,1340,1995,  1,yes,,,[]
Asia_130,Asia-SHIYAT,39.83,71.5,tree,TRW,870,1995,  1,yes,,,[]
Asia_114,Asia-SJT,35.73,138.22,tree,TRW,1540,2001,  1,yes,,,[]
Asia_076,Asia-SMASLY,27.62,99.8,tree,TRW,1516,2007,  1,yes,,,[]
Asia_335,Asia-SO9039KGSO1.Munz.2015,24.8333,65.9167,marine sediment,foraminifera,-117,1989,  8,yes,Malmgren,2015,'10.1016/S0031-0182(97)00031-X'
Asia_155,Asia-SODAPS,48.3,98.93,tree,TRW,46,1999,  1,yes,,,[]
Asia_156,Asia-SPKRLS,49.38,94.88,tree,TRW,1432,1998,  1,yes,,,[]
Asia_157,Asia-SUBALS,47.27,100.03,tree,TRW,1363,1999,  1,yes,,,[]
Asia_158,Asia-SUMELS,47.43,100.42,tree,TRW,1557,2002,  1,yes,,,[]
Asia_230,Asia-SourthandMid.Demezhko.2007,55,59.5,borehole,borehole,800,1950, 50,no,Demezhko,2007,[]
Asia_319,Asia-SouthChina.Wang.1998,23,114,documents,historic,1500,1960, 10,yes,Wang,1998,[]
Asia_038,Asia-TANSIC,30.23,100.27,tree,TRW,1306,2007,  1,yes,,,[]
Asia_056,Asia-TDAXJP,34.78,100.8,tree,TRW,1340,2002,  1,yes,,,[]
Asia_057,Asia-TDBXJP,34.78,100.82,tree,TRW,1400,2002,  1,yes,,,[]
Asia_166,Asia-TERELJ,47.95,107.45,tree,TRW,1590,2002,  1,yes,,,[]
Asia_065,Asia-TIANMU,30.33,119.43,tree,TRW,1590,2007,  1,yes,,,[]
Asia_094,Asia-TJ1,37.32,98.4,tree,TRW,943,2003,  1,yes,,,[]
Asia_213,Asia-TKACDD,35,70.78,tree,TRW,1569,2007,  1,yes,,,[]
Asia_115,Asia-TKC,43.5,143.2,tree,TRW,1487,1997,  1,yes,,,[]
Asia_036,Asia-TSHEPS,27.45,90.15,tree,TRW,1456,2005,  1,yes,,,[]
Asia_037,Asia-TSHETD,27.45,90.15,tree,TRW,1582,2006,  1,yes,,,[]
Asia_116,Asia-TSO,44.95,142.12,tree,TRW,1500,1991,  1,yes,,,[]
Asia_159,Asia-TUCHLS,49.7,91.55,tree,TRW,1570,1995,  1,yes,,,[]
Asia_008,Asia-Tut2.Magda.2011,50.12,87.92,tree,TRW,1554,2000,  1,yes,Magda,2011,'10.1134/S1995425511070034'
Asia_021,Asia-UKHEWD,50.15,85.37,tree,TRW,1581,1994,  1,yes,Schweingruber,,'www.ncdc.noaa.gov/cdo/f?p=519:1:::::P1_STUDY_ID:4707'
Asia_019,Asia-UKHEWW,50.15,85.37,tree,TRW,1581,1994,  1,yes,Schweingruber,,'www.ncdc.noaa.gov/cdo/f?p=519:1:::::P1_STUDY_ID:4707'
Asia_022,Asia-UKHLWD,50.15,85.37,tree,TRW,1581,1994,  1,yes,Schweingruber,,'www.ncdc.noaa.gov/cdo/f?p=519:1:::::P1_STUDY_ID:4707'
Asia_020,Asia-UKHLWW,50.15,85.37,tree,TRW,1581,1994,  1,yes,Schweingruber,,'www.ncdc.noaa.gov/cdo/f?p=519:1:::::P1_STUDY_ID:4707'
Asia_023,Asia-UKHMND,50.15,85.37,tree,TRW,1581,1994,  1,yes,Schweingruber,,'www.ncdc.noaa.gov/cdo/f?p=519:1:::::P1_STUDY_ID:4707'
Asia_024,Asia-UKHMXD,50.15,85.37,tree,TRW,1581,1994,  1,yes,Schweingruber,,'www.ncdc.noaa.gov/cdo/f?p=519:1:::::P1_STUDY_ID:4707'
Asia_018,Asia-UKHTRW,50.15,85.37,tree,TRW,1581,1994,  1,yes,Schweingruber,,'www.ncdc.noaa.gov/cdo/f?p=519:1:::::P1_STUDY_ID:4707'
Asia_134,Asia-ULKEPS,43.35,77.35,tree,TRW,1570,2001,  1,yes,,,[]
Asia_160,Asia-UNDULS,48.98,103.22,tree,TRW,1511,2002,  1,yes,,,[]
Asia_014,Asia-UULEWD,50.48,87.65,tree,TRW,1581,1994,  1,yes,Schweingruber,,'www.ncdc.noaa.gov/cdo/f?p=519:1:::::P1_STUDY_ID:4305'
Asia_012,Asia-UULEWW,50.48,87.65,tree,TRW,1581,1994,  1,yes,Schweingruber,,'www.ncdc.noaa.gov/cdo/f?p=519:1:::::P1_STUDY_ID:4305'
Asia_015,Asia-UULLWD,50.48,87.65,tree,TRW,1581,1994,  1,yes,Schweingruber,,'www.ncdc.noaa.gov/cdo/f?p=519:1:::::P1_STUDY_ID:4305'
Asia_013,Asia-UULLWW,50.48,87.65,tree,TRW,1581,1994,  1,yes,Schweingruber,,'www.ncdc.noaa.gov/cdo/f?p=519:1:::::P1_STUDY_ID:4305'
Asia_016,Asia-UULMND,50.48,87.65,tree,TRW,1581,1994,  1,yes,Schweingruber,,'www.ncdc.noaa.gov/cdo/f?p=519:1:::::P1_STUDY_ID:4305'
Asia_017,Asia-UULMXD,50.48,87.65,tree,TRW,1581,1994,  1,yes,Schweingruber,,'www.ncdc.noaa.gov/cdo/f?p=519:1:::::P1_STUDY_ID:4305'
Asia_011,Asia-UULTRW,50.48,87.65,tree,TRW,1581,1994,  1,yes,Schweingruber,,'www.ncdc.noaa.gov/cdo/f?p=519:1:::::P1_STUDY_ID:4305'
Asia_009,Asia-Ugla.Panyushkina.2005,50.48,87.67,tree,TRW,1550,1995,  1,yes,Panyushkina,2005,'10.3959/1536-1098-61.1.33'
Asia_010,Asia-Ulagan.Magda.2011,50.68,87.97,tree,TRW,1555,2000,  1,yes,Magda,2011,'10.1134/S1995425511070034'
Asia_073,Asia-WEXYUN,27.33,99.3,tree,TRW,1348,2007,  1,yes,,,[]
Asia_095,Asia-WL1,37.03,98.63,tree,TRW,857,2003,  1,yes,,,[]
Asia_096,Asia-WL2,37.03,98.67,tree,TRW,845,2001,  1,yes,,,[]
Asia_097,Asia-WL3,36.75,98.22,tree,TRW,681,2001,  1,yes,,,[]
Asia_098,Asia-WL4,36.68,98.42,tree,TRW,900,2001,  1,yes,,,[]
Asia_066,Asia-WULANJ,37.03,98.68,tree,TRW,150,2000,  1,yes,,,[]
Asia_042,Asia-WXIYUN,27.33,99.3,tree,TRW,1348,2007,  1,yes,,,[]
Asia_039,Asia-XCHSIC,28.98,99.93,tree,TRW,1380,2007,  1,yes,,,[]
Asia_070,Asia-XIANGC,28.9,99.75,tree,TRW,1452,2007,  1,yes,,,[]
Asia_129,Asia-XJTCJT,39.83,71.5,tree,TRW,694,1995,  1,yes,,,[]
Asia_181,Asia-YAKHTD,27.83,88.02,tree,TRW,1500,1999,  1,yes,,,[]
Asia_118,Asia-YKA,30.37,130.53,tree,TRW,1080,2002,  1,yes,,,[]
Asia_119,Asia-YKC,30.33,130.45,tree,TRW,1141,2005,  1,yes,,,[]
Asia_117,Asia-YKCOM,30.37,130.53,tree,TRW,1080,2005,  1,yes,,,[]
Asia_111,Asia-YKS,30.33,130.5,tree,TRW,1,1999,  1,yes,,,[]
Asia_214,Asia-ZACCDD,35.35,71.8,tree,TRW,1472,2005,  1,yes,,,[]
Asia_028,Asia-ZACHTD,27.7,90.68,tree,TRW,1481,2003,  1,yes,,,[]
Asia_099,Asia-ZD31,32.67,95.72,tree,TRW,1290,2006,  1,yes,,,[]
Asia_069,Asia-ZHANGX,34.63,104.47,tree,TRW,1568,2006,  1,yes,,,[]
Asia_100,Asia-ZHD,33.72,96.28,tree,TRW,1374,2002,  1,yes,,,[]
Asia_068,Asia-ZHIDJP,33.72,96.28,tree,TRW,1374,2002,  1,yes,,,[]
Asia_161,Asia-ZMGLPS,48.25,97.4,tree,TRW,1516,1998,  1,yes,,,[]
Asia_162,Asia-ZNMDLS,47.78,107.5,tree,TRW,1582,1996,  1,yes,,,[]
Asia_163,Asia-ZSMDLS,48.13,100.27,tree,TRW,1513,2001,  1,yes,,,[]
Asia_164,Asia-ZURTLS,46.52,100.95,tree,TRW,1340,2002,  1,yes,,,[]
Asia_327,Asia-ZhejiangandF.Zhang.1980,25,118,documents,historic,1470,1960, 10,yes,Zhang,1980,[]
Aus_010,Aus-BuckleysChan.Buckley.1997,-42.27,145.87,tree,TRW,1463,1991,  1,yes,BUCKLEY,1997,'10.1023/A:1005322332230'
Aus_015,Aus-CTPEastTasma.Allen.2001,-41.2,147.78,tree,TRW,1430,1994,  1,yes,Allen,2001,'10.1046/j.1365-2699.2001.00546.x'
Aus_020,Aus-CTPWestTasma.Allen.2001,-41.67,145.67,tree,TRW,1547,1998,  1,yes,Allen,2001,'10.1046/j.1365-2699.2001.00546.x'
LPD335d863f,Aus-Duckhole.Saunders.2013,-43.3646,146.8749,lake sediment,reflectance,1140,2001,  2,yes,Saunders,2013,[]
Aus_041,Aus-MtRead.Cook.2006,-41.83,145.53,tree,TRW,-494,2001,  1,yes,Cook,2006,'10.1002/jqs.1071'
Aus_057,Aus-Oroko.Cook.2002,-43.23,170.28,tree,TRW,781,2003,  1,yes,Cook,2002,[]
Aus_062,Aus-PinkPineNZ.Duncan.2010,-42,172,tree,TRW,1457,1999,  1,yes,Neukom,2010,'10.1177/0959683611427335'
Aus_067,Aus-StewartIslan.DArrigo.1995,-47,168,tree,TRW,1758,1993,  1,yes,DArrigo,1995,[]
Eur_017,Eur-CentralEu.Buntgen.2011,47,10.7,tree,TRW,-500,2003,  1,yes,Buntgen,2011,'10.1126/science.1197175'
Eur_022,Eur-CentralEu.Dobrovolny.2010,49,13,documents,TRW,1500,2007,  1,yes,Dobrovolný,2010,'10.1007/s10584-009-9724-x'
Eur_024,Eur-CentralandEa.Pla.2005,42.5,0.75,lake sediment,chrysophyte,578,1994, 25,yes,Pla,2004,'10.1007/s00382-004-0482-1'
Eur_010,Eur-CoastofPortu.Abrantes.2011,41.1,-8.9,marine sediment,,971,1993,  9,yes,Abrantes,2011,'10.3354/cr01010'
Eur_016,Eur-ECarpathians.Popa.2009,47,25.3,tree,TRW,1163,2005,  1,yes,Popa,2009,'10.1007/s00382-008-0439-x'
Eur_005,Eur-FinnishLakes.Helama.2014,56.125,28.325,tree,TRW,760,2000,  1,yes,Helama,2014,'10.2478/s13386-013-0163-0'
Eur_019,Eur-FrenchAlps.Buentgen.2012,44,7.5,tree,TRW,969,2007,  1,yes,Büntgen,2012,'10.1007/s10584-012-0450-4'
Eur_013,Eur-Jamtland.Gunnarson.2011,63.1,15,tree,TRW,1107,2007,  1,yes,Gunnarson,2011,'10.1007/s00382-010-0783-5'
Eur_003,Eur-LakeSilvapla.Larocque-Tobler.2010,46.5,9.8,lake sediment,chironomid,1032,1975,  1,yes,Larocque-Tobler,2010,'10.1016/j.quascirev.2010.04.018'
Eur_002,Eur-LakeSilvapla.Trachsel.2010,46.5,9.8,lake sediment,,1175,1949,  1,yes,Trachsel,2010,'10.1007/s10933-010-9468-7'
Eur_018,Eur-Lotschental.Buentgen.2006,46.4,7.8,tree,TRW,755,2004,  1,yes,Büntgen,2006,'10.1175/JCLI3917.1'
Eur_014,Eur-NScan.Esper.2012,68,25,tree,TRW,-138,2006,  1,yes,Esper,2012,'10.1038/nclimate1589'
Eur_011,Eur-NorthIceland.Ran.2011,66.5,-17.66,marine sediment,,941,2006,  6,yes,Ran,2011,'10.1016/j.palaeo.2010.02.001'
Eur_020,Eur-SPyrenees.Linan.2012,42.5,1,tree,TRW,1260,2005,  1,yes,Dorado,2012,'10.5194/cp-8-919-2012'
Eur_007,Eur-Seebergsee.Larocque-Tobler.2012,46.15,7.5,lake sediment,,1083,2001,  1,yes,Larocque-Tobler,2012,'10.1016/j.quascirev.2012.03.010'
Eur_009,Eur-SouthIceland.Moffa-Sanchez2014,61.42,-19.53,marine sediment,,798,1915, 14,yes,Moffa-Sánchez,2014,'10.1038/ngeo2094'
Eur_008,Eur-Spain.Martin-Chivelet.2011,42.9,-3.5,speleothem,d18O,-1949,2000,  3,yes,Martín-Chivelet,2011,'10.1016/j.gloplacha.2011.02.002'
Eur_001,Eur-SpannagelCave.Mangini.2005,47.1,11.6,speleothem,d18O,-90,1935,  3,yes,Mangini,2005,'10.1016/j.epsl.2005.05.010'
Eur_006,Eur-Stockholm.Leijonhufvud.2010,59.32,18.06,documents,historic,1502,1892,  1,yes,Leijonhufvud,2010,'10.1007/s10584-009-9650-y'
Eur_026,Eur-Tallinn.Tarand.2001,59.4,24.75,documents,,1500,2000,  1,yes,Tarand,2001,'10.1023/A:1005673628980'
NAm_3801,NAm-Basin_P,44.5,-70.1,lake sediment,pollen,362,1960, 31,yes,,,'Gajewski 1988'
NAm_004,NAm-CTR,46.7,-114.2,tree,TRW,1150,1998,  1,yes,Kipfmuller,,[]
NAm_3804,NAm-Clear_P,33.8,-79,lake sediment,pollen,52,1960, 39,yes,,,'Gajewski 1988'
NAm_3807,NAm-Conroy_L,46.3,-67.9,lake sediment,pollen,10,1967, 33,yes,,,'Gajewski 1988'
NAm_3810,NAm-Dark_L,45.3,-91.5,lake sediment,pollen,1044,1950, 18,yes,,,'Gajewski 1988'
NAm_016,NAm-FRE,43,-109.6,tree,TRW,1227,2001,  1,yes,Hill,,[]
NAm_028,NAm-GB,37,-116.5,tree,TRW,1,2009,  1,yes,Salzer,,[]
NAm_3865,NAm-GreenLake,50.2,-122.9,lake sediment,,1388,1999,  1,yes,Schiefer,2006,'10.1139/e06-056'
NAm_3798,NAm-Hell_Kt,46.2,-89.7,lake sediment,pollen,-53,1960, 22,yes,,,'Gajewski 1988'
NAm_3851,NAm-LClouds,48,91,lake sediment,pollen,1030,1970, 10,yes,Gajewski,1988,'10.1016/0033-5894(88)90034-8'
NAm_3853,NAm-L_Noir,45.8,-75.1,lake sediment,pollen,1007,2007, 10,yes,Paquette,2013,'10.1016/j.quascirev.2013.06.007'
NAm_3868,NAm-LakeMina,45.89,-95.478,lake sediment,,1120,1900,  4,yes,St.,2008,'10.1016/j.quascirev.2008.01.005'
NAm_3867,NAm-LakeMina,45.89,-95.478,lake sediment,,1120,1900,  4,yes,St.,2008,'10.1016/j.quascirev.2008.01.005'
NAm_3819,NAm-Little_Pine_L,45.3,-91.5,lake sediment,pollen,1237,1950, 18,yes,,,'Gajewski 1988'
NAm_3870,NAm-OCNM,42.083,-123.416,speleothem,,-6015,1716,  2,yes,Ersek,2012,'10.1038/ncomms2222'
NAm_3816,NAm-Ruby_L,45.3,-91.5,lake sediment,pollen,1121,1965, 17,yes,,,'Gajewski 1988'
NAm_040,NAm-SFP,35.3,-111.4,tree,TRW,1,2002,  1,yes,Salzer,,[]
NAm_052,NAm-SOV,36.5,-118.3,tree,TRW,494,2001,  1,yes,Bunn,,[]
NAm_3796,NAm-STREC,54.21,-71.35,tree,,910,2011,  1,yes,Gennaretti,2014,'10.1073/pnas.1324220111'
NAm_064,NAm-ak001,60.4,-147.8,tree,TRW,1422,1972,  1,yes,,,[]
NAm_088,NAm-ak006,63.7,-149.6,tree,MXD,1551,1983,  1,yes,Schweingruber,,[]
NAm_148,NAm-ak010,61.8,-147.3,tree,TRW,1654,1983,  1,yes,Schweingruber,,[]
NAm_160,NAm-ak010,61.8,-147.3,tree,MXD,1654,1983,  1,yes,Schweingruber,,[]
NAm_172,NAm-ak014,58.1,-152.7,tree,TRW,1690,1996,  1,yes,Harlan,,[]
NAm_184,NAm-ak021,60,-141.7,tree,TRW,1428,1995,  1,yes,Wiles,,[]
NAm_196,NAm-ak035,63.3,-147.8,tree,TRW,1642,1997,  1,yes,Lloyd,,[]
NAm_220,NAm-ak046,67.1,-159.6,tree,TRW,978,1992,  1,yes,King,,[]
NAm_232,NAm-ak057,65.2,-162.2,tree,TRW,1607,2002,  1,yes,R.,,[]
NAm_244,NAm-ak058,65.2,-162.2,tree,TRW,1406,2002,  1,yes,R.,,[]
NAm_256,NAm-ak060,65.2,-162.3,tree,TRW,1621,2002,  1,yes,R.,,[]
NAm_280,NAm-ak070,65.2,-162.2,tree,TRW,1556,2002,  1,yes,R.,,[]
NAm_292,NAm-ak074,62.4,-143.1,tree,TRW,1471,1997,  1,yes,Jacoby,,[]
NAm_304,NAm-ak074,62.4,-143.1,tree,MXD,1540,1997,  1,yes,Jacoby,,[]
NAm_364,NAm-ak078,61.3,-142.7,tree,TRW,1557,1997,  1,yes,Jacoby,,[]
NAm_388,NAm-ak094,60.5,-148.3,tree,TRW,873,1991,  1,yes,Barclay,,[]
NAm_412,NAm-ak098,55.3,-131.6,tree,TRW,1550,1999,  1,yes,Wiles,,[]
NAm_424,NAm-ak102,58.4,-134.6,tree,TRW,1380,1999,  1,yes,Wiles,,[]
NAm_436,NAm-ak114,56,-132,tree,TRW,1343,2000,  1,yes,DArrigo,,[]
NAm_460,NAm-ak115,65.2,-162.3,tree,MXD,1389,2001,  1,yes,DArrigo,,[]
NAm_3748,NAm-ak116,62,-142,tree,MXD,1540,1998,  1,yes,DArrigo,,[]
NAm_3760,NAm-ak117,67,-152,tree,MXD,1524,1990,  1,yes,DArrigo,,[]
NAm_3772,NAm-ak132,68.7,-141.6,tree,MXD,1073,2002,  1,yes,Anchukaitis,,[]
NAm_484,NAm-ak6,57.1,-135.4,tree,TRW,1605,1985,  1,yes,,,[]
NAm_520,NAm-az553,35.4,-110.2,tree,MXD,1453,1983,  1,yes,Briffa,,[]
NAm_568,NAm-az555,32.5,-110.8,tree,MXD,1568,1983,  1,yes,Briffa,,[]
NAm_616,NAm-ca528,36.5,-118.2,tree,TRW,898,1987,  1,yes,Graybill,,[]
NAm_628,NAm-ca529,36.3,-118.4,tree,TRW,699,1987,  1,yes,Graybill,,[]
NAm_640,NAm-ca530,36.3,-118.2,tree,TRW,917,1987,  1,yes,Graybill,,[]
NAm_664,NAm-ca534,37.2,-118.1,tree,TRW,-1,1990,  1,yes,Graybill,,[]
NAm_760,NAm-ca560,37.8,-119.3,tree,MXD,1513,1983,  1,yes,Briffa,,[]
NAm_772,NAm-ca603,37.9,-119.2,tree,TRW,1430,1996,  1,yes,,,[]
NAm_796,NAm-ca606,37.8,-119.2,tree,TRW,800,1996,  1,yes,King,,[]
NAm_808,NAm-ca609,34.1,-116.8,tree,TRW,1534,1995,  1,yes,Biondi,,[]
NAm_868,NAm-ca636,36.3,-118.3,tree,TRW,831,1992,  1,yes,Graumlich,,[]
NAm_880,NAm-ca637,36.4,-118.2,tree,TRW,-215,1992,  1,yes,Graumlich,,[]
NAm_916,NAm-cana002,58.4,-68.4,tree,TRW,1641,1974,  1,yes,Fritts,,[]
NAm_940,NAm-cana029,68.6,-138.6,tree,TRW,1570,1977,  1,yes,Church,,[]
NAm_976,NAm-cana053,62.7,-111,tree,MXD,1610,1988,  1,yes,Schweingruber,,[]
NAm_988,NAm-cana060,58.7,-93.5,tree,TRW,1695,1988,  1,yes,Schweingruber,,[]
NAm_1000,NAm-cana060,58.7,-93.5,tree,MXD,1695,1988,  1,yes,Schweingruber,,[]
NAm_1012,NAm-cana062,56.2,-67.7,tree,TRW,1659,1988,  1,yes,Schweingruber,,[]
NAm_1024,NAm-cana062,56.2,-67.7,tree,MXD,1659,1988,  1,yes,Schweingruber,,[]
NAm_1048,NAm-cana063,55.3,-67.1,tree,MXD,1695,1988,  1,yes,Schweingruber,,[]
NAm_1072,NAm-cana082,61.7,-139.7,tree,MXD,1585,1983,  1,yes,Schweingruber,,[]
NAm_1108,NAm-cana091,54.9,-127.3,tree,TRW,1680,1983,  1,yes,Schweingruber,,[]
NAm_1120,NAm-cana091,54.9,-127.3,tree,MXD,1680,1983,  1,yes,Schweingruber,,[]
NAm_1168,NAm-cana094,53.3,-120.7,tree,MXD,1649,1983,  1,yes,Schweingruber,,[]
NAm_1216,NAm-cana096,52.3,-117,tree,MXD,1608,1983,  1,yes,Schweingruber,,[]
NAm_1240,NAm-cana097,51.8,-116.2,tree,MXD,1634,1983,  1,yes,Schweingruber,,[]
NAm_1264,NAm-cana098,51.2,-116.2,tree,MXD,1686,1983,  1,yes,Schweingruber,,[]
NAm_1312,NAm-cana111,49.4,-123.1,tree,MXD,1413,1983,  1,yes,Briffa,,[]
NAm_1336,NAm-cana112,49.1,-116.8,tree,MXD,1701,1983,  1,yes,Briffa,,[]
NAm_1360,NAm-cana113,49.2,-125.2,tree,MXD,1629,1983,  1,yes,Briffa,,[]
NAm_1384,NAm-cana151,49.9,-118.9,tree,TRW,1669,1998,  1,yes,Parish,,[]
NAm_1396,NAm-cana153,67.2,-115.9,tree,TRW,1428,1977,  1,yes,Jacoby,,[]
NAm_1408,NAm-cana155,64,-103.9,tree,TRW,1491,1984,  1,yes,Jacoby,,[]
NAm_1420,NAm-cana157,65,-138.3,tree,TRW,1550,1975,  1,yes,Jacoby,,[]
NAm_1432,NAm-cana169,55.3,-77.8,tree,TRW,1352,1989,  1,yes,Schweingruber,,[]
NAm_1444,NAm-cana169,55.3,-77.8,tree,MXD,1352,1989,  1,yes,Schweingruber,,[]
NAm_1468,NAm-cana170,51.4,-117.3,tree,MXD,1072,1991,  1,yes,Schweingruber,,[]
NAm_1492,NAm-cana171,52.3,-117.3,tree,MXD,1665,1994,  1,yes,Schweingruber,,[]
NAm_1564,NAm-cana210,56.9,-61.5,tree,TRW,1634,1997,  1,yes,,,[]
NAm_1576,NAm-cana225,50.2,-117.1,tree,TRW,1669,1997,  1,yes,Wilson,,[]
NAm_1588,NAm-cana225,50.2,-117.1,tree,MXD,1685,1997,  1,yes,Wilson,,[]
NAm_1600,NAm-cana228,49.4,-117.2,tree,TRW,1693,1997,  1,yes,Wilson,,[]
NAm_1612,NAm-cana230,49,-117.1,tree,TRW,1698,1997,  1,yes,Wilson,,[]
NAm_1624,NAm-cana230,49,-117.1,tree,MXD,1698,1997,  1,yes,Wilson,,[]
NAm_1636,NAm-cana231,50.6,-118.6,tree,TRW,1477,1997,  1,yes,Wilson,,[]
NAm_1648,NAm-cana231,50.6,-118.6,tree,MXD,1528,1997,  1,yes,Wilson,,[]
NAm_1660,NAm-cana234,49.7,-118.9,tree,TRW,1580,1997,  1,yes,Wilson,,[]
NAm_1672,NAm-cana234,49.7,-118.9,tree,MXD,1512,1997,  1,yes,Wilson,,[]
NAm_1708,NAm-cana238,50.7,-121.5,tree,TRW,1554,1997,  1,yes,Wilson,,[]
NAm_1720,NAm-cana238,50.7,-121.5,tree,MXD,1689,1997,  1,yes,Wilson,,[]
NAm_1744,NAm-cana313,56,-61,tree,TRW,1689,1998,  1,yes,DArrigo,,[]
NAm_1816,NAm-cana321,69.5,-127.8,tree,MXD,1550,1993,  1,yes,Jacoby,,[]
NAm_1828,NAm-cana324,58,-94,tree,TRW,1650,1982,  1,yes,DArrigo,,[]
NAm_1840,NAm-cana351,52.7,-118.3,tree,TRW,1104,1996,  1,yes,,,[]
NAm_1852,NAm-cana352,50.8,-115.3,tree,TRW,1069,1993,  1,yes,Colenutt,,[]
NAm_1924,NAm-cana358,59.9,-136.8,tree,TRW,1670,2003,  1,yes,Luckman,,[]
NAm_1936,NAm-cana359,59.8,-136.6,tree,TRW,1572,2003,  1,yes,Luckman,,[]
NAm_1972,NAm-cana378,61.4,-128.4,tree,TRW,1697,2002,  1,yes,,,[]
NAm_1996,NAm-cana382,59.6,-133.4,tree,TRW,1645,1999,  1,yes,,,[]
NAm_2008,NAm-cana384,60.1,-134.4,tree,TRW,1700,2003,  1,yes,Kenigsberg,,[]
NAm_2056,NAm-cana421,51.1,-115.8,tree,MXD,1440,1987,  1,yes,Colenutt,,[]
NAm_2068,NAm-cana430,52.2,-117.2,tree,TRW,920,1987,  1,yes,Luckman,,[]
NAm_2080,NAm-cana430,52.2,-117.2,tree,MXD,1665,1994,  1,yes,Luckman,,[]
NAm_2092,NAm-cana432,52.7,-118.3,tree,TRW,1563,1996,  1,yes,Luckman,,[]
NAm_2128,NAm-cana435,52.9,-117.3,tree,TRW,1528,1990,  1,yes,Luckman,,[]
NAm_2140,NAm-cana436,52.7,-118.1,tree,TRW,1700,1990,  1,yes,Luckman,,[]
NAm_2164,NAm-cana438,50.6,-115,tree,TRW,1613,1987,  1,yes,Luckman,,[]
NAm_2176,NAm-cana439,52.2,-117.2,tree,TRW,1428,2000,  1,yes,Kavanagh,,[]
NAm_2188,NAm-cana440,51.4,-116.3,tree,TRW,1690,1982,  1,yes,,,[]
NAm_2200,NAm-cana440,51.4,-116.3,tree,MXD,1690,1982,  1,yes,,,[]
NAm_2212,NAm-cana443,50.9,-115.2,tree,TRW,1619,1987,  1,yes,Luckman,,[]
NAm_2236,NAm-cana446,53,-118.2,tree,TRW,1625,1990,  1,yes,Luckman,,[]
NAm_2260,NAm-cana449,52.9,-118,tree,TRW,1489,1990,  1,yes,Luckman,,[]
NAm_2272,NAm-cana450,53.2,-119.5,tree,TRW,1569,1989,  1,yes,Luckman,,[]
NAm_2308,NAm-cana453,52.8,-117.7,tree,TRW,1600,1990,  1,yes,Luckman,,[]
NAm_2392,NAm-co517,40.1,-105.6,tree,MXD,1610,1982,  1,yes,,,[]
NAm_2476,NAm-co553,39.3,-105,tree,TRW,1530,1983,  1,yes,Harlan.,,[]
NAm_2488,NAm-co553,39.3,-105,tree,MXD,1530,1983,  1,yes,Harlan.,,[]
NAm_2500,NAm-co554,38.7,-107.6,tree,TRW,1565,1982,  1,yes,Briffa,,[]
NAm_2512,NAm-co554,38.7,-107.6,tree,MXD,1565,1982,  1,yes,Briffa,,[]
NAm_2560,NAm-co586,39.9,-105.9,tree,TRW,1224,1992,  1,yes,Brown,,[]
NAm_2572,NAm-co586,39.9,-105.9,tree,MXD,1296,1993,  1,yes,Brown,,[]
NAm_2596,NAm-co633,40.6,-105.8,tree,TRW,1552,2003,  1,yes,Bigler,,[]
NAm_2608,NAm-gzr,62,-128.3,tree,TRW,1703,2001,  1,yes,,,[]
NAm_2632,NAm-id008,43.9,-114.7,tree,MXD,1530,1983,  1,yes,Briffa,,[]
NAm_2656,NAm-id013,44.6,-114.5,tree,TRW,1305,1997,  1,yes,Hughes,,[]
NAm_2704,NAm-me010,44.8,-70.8,tree,MXD,1667,1977,  1,yes,Conkey,,[]
NAm_2740,NAm-mt108,45.8,-112.5,tree,TRW,1496,1983,  1,yes,Briffa,,[]
NAm_2752,NAm-mt108,45.8,-112.5,tree,MXD,1496,1983,  1,yes,Briffa,,[]
NAm_2776,NAm-mt112,45.3,-111.3,tree,TRW,470,1998,  1,yes,King,,[]
NAm_2788,NAm-mt115,45.9,-114.3,tree,TRW,12,1997,  1,yes,Hughes,,[]
NAm_2800,NAm-mt115,45.9,-114.3,tree,MXD,1434,1997,  1,yes,Hughes,,[]
NAm_2812,NAm-mt116,46.3,-113.2,tree,TRW,999,1998,  1,yes,Hughes,,[]
NAm_2824,NAm-mt119,46,-113.4,tree,TRW,1200,2005,  1,yes,Littell,,[]
NAm_2836,NAm-mt120,46,-113.4,tree,TRW,1248,2006,  1,yes,Littell,,[]
NAm_2848,NAm-mt126,49,-114,tree,TRW,1252,1990,  1,yes,Colenutt,,[]
NAm_3004,NAm-nv512,40.2,-115.5,tree,TRW,320,1985,  1,yes,Graybill,,[]
NAm_3016,NAm-nv513,38.5,-114.2,tree,TRW,825,1983,  1,yes,Graybill,,[]
NAm_3124,NAm-or043,45.3,-121.7,tree,MXD,1504,1983,  1,yes,Briffa,,[]
NAm_3184,NAm-tab,49.3,-114.4,tree,TRW,1616,2012,  1,yes,Sauchyn,,[]
NAm_3244,NAm-ut511,37.6,-113.9,tree,MXD,1581,1983,  1,yes,Briffa,,[]
NAm_3268,NAm-ut512,40.6,-111.6,tree,MXD,1700,1983,  1,yes,Briffa,,[]
NAm_3280,NAm-vic,49.8,-114.5,tree,TRW,1488,2010,  1,yes,Sauchyn,,[]
NAm_3304,NAm-wa024,48.7,-120.7,tree,TRW,1700,1976,  1,yes,Brubaker,,[]
NAm_3352,NAm-wa056,47.3,-121.3,tree,TRW,1259,1980,  1,yes,Graumlich,,[]
NAm_3376,NAm-wa061,48.3,-120.3,tree,TRW,1316,1980,  1,yes,Graumlich,,[]
NAm_3388,NAm-wa069,48.7,-120.7,tree,TRW,1685,1991,  1,yes,Peterson,,[]
NAm_3400,NAm-wa071,48.7,-120.7,tree,TRW,1585,1991,  1,yes,Peterson,,[]
NAm_3412,NAm-wa072,48.7,-120.7,tree,TRW,1529,1990,  1,yes,Peterson,,[]
NAm_3436,NAm-wa081,46.2,-122.2,tree,MXD,1609,1983,  1,yes,Briffa,,[]
NAm_3472,NAm-wa083,48.7,-118.3,tree,TRW,1605,1983,  1,yes,Briffa,,[]
NAm_3484,NAm-wa083,48.7,-118.3,tree,MXD,1605,1983,  1,yes,Briffa,,[]
NAm_3520,NAm-wa097,47.9,-123.8,tree,TRW,1570,1992,  1,yes,Peterson,,[]
NAm_3556,NAm-wa104,46.2,-121.5,tree,TRW,1610,1992,  1,yes,,,[]
NAm_3604,NAm-wy021,44.2,-107.1,tree,MXD,1496,1983,  1,yes,Briffa,,[]
NAm_3616,NAm-wy022,41.3,-107.7,tree,TRW,1401,1983,  1,yes,Briffa,,[]
NAm_3628,NAm-wy022,41.3,-107.7,tree,MXD,1401,1983,  1,yes,Briffa,,[]
NAm_3652,NAm-wy023,44.4,-110.1,tree,MXD,1388,1983,  1,yes,Briffa,,[]
NAm_3676,NAm-wy024,44.8,-107.9,tree,MXD,1508,1983,  1,yes,Briffa,,[]
NAm_3688,NAm-wy025,43.7,-110.1,tree,TRW,1672,1983,  1,yes,Briffa,,[]
NAm_3700,NAm-wy025,43.7,-110.1,tree,MXD,1672,1983,  1,yes,Briffa,,[]
NAm_3712,NAm-wy030,41.4,-106.2,tree,TRW,1097,1999,  1,yes,Brown,,[]
LPD0e0867fe,O2kLR-AlboranSea.Nieto-Moreno.2012,36.2053,-4.3133,marine sediment,,564,1999, 32,yes,McGregor,subm,[]
O2kLR_114,O2kLR-ArabianSea.Doose-Rolinski.2001,24.83,65.92,marine sediment,,-216,1950, 18,yes,Doose-Rolinski,2001,'10.1029/2000PA000511'
LPDa03ec713,O2kLR-CH07-98-MC-2Saenger.2011.CH07-98.MC22,32.784,-76.276,marine sediment,,250,1850,100,yes,McGregor,subm,[]
LPD84ab67b9,O2kLR-CapeGhirNWAMcGregor.2007.GeoB6008-1.GeoB6008-2,30.845,-10.0983,marine sediment,,-225,1998, 12,yes,McGregor,subm,[]
O2kLR_112,O2kLR-CapeGhirNWAf.Kim.2006,30.85,-10.2685,marine sediment,,754,1950, 37,yes,Kim,2006,'10.1130/G23251A.1'
O2kLR_101,O2kLR-CapeHatteras.Cléroux.2012,34.973,-75.201,marine sediment,,-75,1294, 10,yes,Cléroux,2012,'10.1029/2007PA001505'
LPDe51d17e8,O2kLR-CariacoBasin.Black.2007,10.77,-64.77,marine sediment,,1221,1990,  1,yes,McGregor,subm,[]
LPD82525a8c,O2kLR-CariacoBasin.Goni.2006,10.6496,-64.6607,marine sediment,,1694,1996,  6,yes,McGregor,subm,[]
LPDcda1c277,O2kLR-CariacoBasin.Lea.2003,10.7,-64.94,marine sediment,,-158,1399,145,yes,McGregor,subm,[]
O2kLR_187,O2kLR-Chileanmargi.Lamy.2002,-41,-74.45,marine sediment,,4,1650, 76,yes,Lamy,2002,'10.1029/2001PA000727'
LPDf7bace53,O2kLR-DryTortugas.Lund.2006,24.59,-83.58,marine sediment,,659,1949, 22,yes,McGregor,subm,[]
LPD9b023bc9,O2kLR-DryTortugas.Lund.2006,24.59,-83.58,marine sediment,,659,1949, 22,yes,McGregor,subm,[]
O2kLR_066,O2kLR-DryTortugasA.Lund.2006,24.33,-83.26,marine sediment,,995,1925, 23,yes,Lund,2006,'10.1029/2005PA001218'
LPD13a78f9b,O2kLR-EasterntropiKuhnert.2011.GeoB9501-4.GeoB9501-5,16.8402,-16.7327,marine sediment,,-236,2004,  9,yes,McGregor,subm,[]
O2kLR_074,O2kLR-EmeraldBasin.Keigwin.2003,45.89,-62.8,marine sediment,,351,1950, 32,yes,Keigwin,2003,'10.1007/s00382-003-0316-6'
LPD68872399,O2kLR-EmeraldBasin.Sachs.2007,43.53,-62.48,marine sediment,,400,1950,110,yes,McGregor,subm,[]
LPD47182517,O2kLR-FeniDriftRichter.2009.ENAM9606.M200309,55.5,-13.9,marine sediment,,-368,1998, 22,yes,McGregor,subm,[]
LPD57d40973,O2kLR-FiskBasinGuRichey.2009.Fisk.PE07-51,27.55,-93.93,marine sediment,,1217,1950, 19,yes,McGregor,subm,[]
O2kLR_017,O2kLR-GarrisonBasi.Richey.2009,26.68,-93.93,marine sediment,,1371,1950, 24,yes,Richey,2009,'10.1029/2009GL040445'
LPDefb3d2b0,O2kLR-GreatBahamaB.Lund.2006,24.58,-79.26,marine sediment,,1065,1950, 26,yes,McGregor,subm,[]
LPD7c7e19c5,O2kLR-GreatBahamabAtlantic0326aLund2006125MC,24.765,-79.29,marine sediment,,590,1950, 34,yes,McGregor,subm,[]
O2kLR_150,O2kLR-GreatBarrier.Hendy.2002,-18.315,146.595,marine sediment,,1568,1983,  5,no,Hendy,2002,'10.1126/science.1067693'
LPD9cc3baf6,O2kLR-GulfofGuinea.Weldeab.2007,2.5,9.38,marine sediment,,40,1590, 30,yes,McGregor,subm,[]
LPD1a19c085,O2kLR-GulfofTarantVersteegh.2007.GT91-1.GT89-3.GT90-3,39.85,17.81,marine sediment,,1700,1975,  4,yes,McGregor,subm,[]
LPD6315f935,O2kLR-JacafFjord.Sepulveda.2009,-44.33,-72.97,marine sediment,,212,1784, 24,yes,McGregor,subm,[]
LPDa2107e77,O2kLR-KNR140Saenger.2011.KNR140-2.59GGC,32.977,-76.316,marine sediment,,450,1850, 50,yes,McGregor,subm,[]
O2kLR_175,O2kLR-KuroshioCurr.Isono.2009,36.03,141.78,marine sediment,,-233,1947, 26,yes,Isono,2009,'10.1130/G25667A.1'
O2kLR_030,O2kLR-Laurent.Fan.Keigwin.2005,43.48,-54.87,marine sediment,,-230,1850,130,yes,Keigwin,2005,'10.1029/2004PA001074'
O2kLR_105,O2kLR-MD952011.Calvo.32,66.97,7.63,marine sediment,,-290,1390, 30,yes,Calvo,2002,'10.1016/S0277-3791(01)00096-8'
O2kLR_135,O2kLR-MakassarStra.Linsley.2010,-7.4,115.2,marine sediment,,175,1781, 35,yes,Linsley,2010,'10.1038/ngeo920'
LPD30c5b95c,O2kLR-MakassarStra.Newton.2011,1.4033,119.078,marine sediment,,160,1890, 14,yes,McGregor,subm,[]
O2kLR_172,O2kLR-MakassarStra.Newton.32,1.4033,119.078,marine sediment,,160,1890, 14,yes,Newton,1/11,'oi:10.1130/G31421.1'
O2kLR_148,O2kLR-MakassarStra.Oppo.2009,-3.53,119.2,marine sediment,,-335,1982,  7,yes,Oppo,2009,'10.1038/nature08233'
LPD10e9f8f7,O2kLR-MinorcacontoMoreno.2012.MINMC-2.MINMC-1,40.5,4.03,marine sediment,,428,1988, 15,yes,McGregor,subm,[]
O2kLR_045,O2kLR-NorthIceland.Sicre.2011,66.55,-17.42,marine sediment,,1,2001,  4,yes,Sicre,2011,'10.1029/2011PA002169'
O2kLR_146,O2kLR-NorthwestPac.Harada.2004,46.32,152.53,marine sediment,,-70,1370, 50,yes,Harada,2004,'10.1029/2004GC000740'
LPDbd07f717,O2kLR-ODP984Came.2007.984C-1H-01.984C-1H-02,61.43,-24.085,marine sediment,,152,1396, 58,yes,McGregor,subm,[]
O2kLR_165,O2kLR-OkinawaTroug.Wu.2012,24.8,122.5,marine sediment,,-227,1770, 25,yes,Wu,2012,'10.1029/2012GL052749'
LPD81e53153,O2kLR-P178-15.Tierney.2015,11.955,44.3,lake sediment,TEX86,1628,2000,  9,yes,Tierney,2015,[]
LPD53e179ad,O2kLR-P178-15.Tierney.2015,11.955,44.3,lake sediment,TEX86,131,1980, 15,yes,Tierney,2015,[]
LPD5c7e7761,O2kLR-PanamaBasin.Pahnke.2007,4.67,-77.96,marine sediment,,1867,1999, 11,no,McGregor,subm,[]
LPD1a0245b7,O2kLR-Philippines.Stott.2007,6.3,125.82,marine sediment,,647,1909, 17,yes,McGregor,subm,[]
LPD572f7cc3,O2kLR-PigmyBasinG.Richey.2009,27.2,-91.42,marine sediment,,593,1901, 12,yes,McGregor,subm,[]
LPDf828fbfe,O2kLR-PiscoCentra.Gutierrez.2011,-14.13,-76.5,marine sediment,,1737,2003,  3,yes,McGregor,subm,[]
LPDb17a5e9e,O2kLR-RAPiD-12-1K.Thornalley.2009,62.08,-17.82,marine sediment,,154,1252, 73,yes,McGregor,subm,[]
O2kLR_118,O2kLR-SWcoastofInd.Saraswat.2013,10.98,74.9993,marine sediment,,303,1835, 88,yes,Saraswat,2013,'10.1016/j.epsl.2013.05.022'
O2kLR_183,O2kLR-SantaBarbara.Zhao.2000,34.23,-120.02,marine sediment,,1298,1941,  1,yes,Zhao,2000,'10.1016/S0146-6380(00)00034-6'
LPDa77273bb,O2kLR-SouthAtlanti.Leduc.2010,-29.14,16.72,marine sediment,,705,1938, 20,yes,McGregor,subm,[]
LPD44b374e7,O2kLR-SouthChinaSe.Zhao.2006,8.73,109.869,marine sediment,,-182,993, 26,yes,McGregor,subm,[]
O2kLR_047,O2kLR-SouthIceland.Sicre.2011,57.45,-27.91,marine sediment,,-5,1724,  7,yes,Sicre,2011,'10.1029/2011PA002169'
O2kLR_195,O2kLR-SouthernChil.Mohtadi.2007,-44.15,-75.16,marine sediment,,-168,1901, 32,yes,Mohtadi,2007,'10.1016/j.quascirev.2006.12.008'
LPDb7ba9166,O2kLR-Tagusmudpatc.Abrantes.2005,38.556,-9.3498,marine sediment,,74,2001,  3,no,McGregor,subm,[]
O2kLR_131,O2kLR-WEqPacific.Stott.2007,-5,133.44,marine sediment,,685,1416, 43,yes,Stott,2007,'10.1126/science.1143791'
LPDe9d8175e,O2kLR-WestSpitzber.Bonnet.2010,78.96,5.885,marine sediment,,-492,1943, 44,yes,McGregor,subm,[]
LPDea4376b6,O2kLR-WestSpitzber.Bonnet.2010,78.96,5.885,marine sediment,,-492,1943, 44,yes,McGregor,subm,[]
LPD2a3997a7,O2kLR-WesternAntar.Shevenell.2011,-64.87,-64.2,marine sediment,,-78,1870, 50,yes,McGregor,subm,[]
Ocean2kHR_112,Ocean2kHR-AtlanticBahamasExumaRosenheim2005,23.766,-76.053,sclerosponge,d18O,1890,1990,  1,no,Rosenheim,2005,'10.1029/2004GL021499'
Ocean2kHR_113,Ocean2kHR-AtlanticBahamasExumaRosenheim2005,23.766,-76.053,sclerosponge,Sr/Ca,1890,1990,  1,no,Rosenheim,2005,'10.1029/2004GL021499'
Ocean2kHR_130,Ocean2kHR-AtlanticBahamasSaenger2009,25.84,-78.62,coral,extensionRate,1552,1991,  1,yes,Saenger,2009,'10.1038/NGEO55210.1002/2014PA002717'
Ocean2kHR_114,Ocean2kHR-AtlanticBahamasTOTORosenheim2005,23.504,-76.577,sclerosponge,d18O,1890,1990,  1,no,Rosenheim,2005,'10.1029/2004GL021499'
Ocean2kHR_115,Ocean2kHR-AtlanticBahamasTOTORosenheim2005,23.504,-76.577,sclerosponge,Sr/Ca,1890,1990,  1,no,Rosenheim,2005,'10.1029/2004GL021499'
Ocean2kHR_124,Ocean2kHR-AtlanticBermudaDraschba2000a,30.0867,-64.5417,coral,d18O,1856,1920,  3,no,Draschba,2000,'10.1007/s005310050301'
Ocean2kHR_125,Ocean2kHR-AtlanticBermudaDraschba2000b,30.0867,-64.5417,coral,d18O,1833,1904,  3,yes,Draschba,2000,'10.1007/s005310050301'
Ocean2kHR_094,Ocean2kHR-AtlanticBermudaGoodkin2006,30.6486,-64.9888,coral,d18O,1782,1998,  1,yes,Tierney,2008,'10.1002/2014PA002717'
Ocean2kHR_095,Ocean2kHR-AtlanticBermudaGoodkin2006,30.6486,-64.9888,coral,Sr/Ca,1781,1998,  1,yes,Tierney,2008,'10.1002/2014PA002717'
Ocean2kHR_102,Ocean2kHR-AtlanticBermudaKuhnert20021,32.47,-64.7,coral,d18O,1519,1604,<1,yes,Kuhnert,2002,'10.1016/S0031-0182(01)00410-2'
Ocean2kHR_103,Ocean2kHR-AtlanticBermudaKuhnert20021,32.47,-64.7,coral,Sr/Ca,1529,1604,<1,no,Kuhnert,2002,'10.1016/S0031-0182(01)00410-2'
Ocean2kHR_106,Ocean2kHR-AtlanticBermudaKuhnert2005,32.467,-64.7,coral,Sr/Ca,1867,1983,<1,no,Tierney,2005,'10.1002/2014PA002717'
Ocean2kHR_118,Ocean2kHR-AtlanticBiscayneBaySwart1996,25.38,-80.17,coral,d18O,1751,1986,  1,yes,Tierney,1996,'10.1002/2014PA002717'
Ocean2kHR_123,Ocean2kHR-AtlanticDryTortugasDeLong2014,24.6,-82.3,coral,Sr/Ca,1734,2009,<1,yes,Tierney,2014,'10.1002/2014PA002717'
Ocean2kHR_097,Ocean2kHR-AtlanticGuadeloupeHetzinger2010,16.2,-61.49,coral,d18O,1896,1999,<1,no,Tierney,2010,'10.1002/2014PA002717'
Ocean2kHR_098,Ocean2kHR-AtlanticGuadeloupeHetzinger2010,16.2,-61.49,coral,Sr/Ca,1896,1999,<1,no,Tierney,2010,'10.1002/2014PA002717'
Ocean2kHR_096,Ocean2kHR-AtlanticLosRoquesHetzinger2008,11.77,-66.75,coral,d18O,1918,2005,<1,no,Hetzinger,2008,'10.1130/G24321A.1'
Ocean2kHR_131,Ocean2kHR-AtlanticMexicoVasquez2012,20.83,-86.74,coral,extensionRate,1773,2009,  1,yes,Tierney,2012,'10.1002/2014PA002717'
Ocean2kHR_126,Ocean2kHR-AtlanticMontegoBayHaaseSchramm2003,18.4667,-77.95,sclerosponge,d18O,1344,1991,  3,yes,Draschba,2003,'10.1007/s005310050301'
Ocean2kHR_127,Ocean2kHR-AtlanticMontegoBayHaaseSchramm2003,18.4667,-77.95,sclerosponge,Sr/Ca,1356,1991,  3,yes,Draschba,2003,'10.1007/s005310050301'
Ocean2kHR_128,Ocean2kHR-AtlanticPedroBankHaaseSchramm2003,17.5333,-78.95,sclerosponge,d18O,1389,1992,  5,no,Draschba,2003,'10.1007/s005310050301'
Ocean2kHR_129,Ocean2kHR-AtlanticPedroBankHaaseSchramm2003,17.5333,-78.95,sclerosponge,Sr/Ca,1384,1992,  5,no,Draschba,2003,'10.1007/s005310050301'
Ocean2kHR_119,Ocean2kHR-AtlanticPrincipeSwart1998,1.67,7.5833,coral,d18O,1939,1992,  1,no,Swart,1998,'NA'
Ocean2kHR_099,Ocean2kHR-AtlanticPuertoRicoKilbourne2008,17.93,-67,coral,d18O,1751,2004,  1,yes,Kilbourne,2008,'10.1029/2008PA001598'
Ocean2kHR_100,Ocean2kHR-AtlanticPuertoRicoKilbourne2008,17.93,-67,coral,Sr/Ca,1751,2004,  1,yes,Kilbourne,2008,'10.1029/2008PA001598'
Ocean2kHR_110,Ocean2kHR-AtlanticTobagoMoses2006Sidereastrea,11.17,-60.85,coral,d18O,1932,1990,  1,no,Christopher,2006,'NaN'
Ocean2kHR_023,Ocean2kHR-IndianAbrolhosKuhnert1999,-28.47,113.77,coral,d18O,1795,1994,<1,yes,Kuhnert,1999,'NaN'
Ocean2kHR_025,Ocean2kHR-IndianAbrolhosZinke2014HAB05B,-28.4609,113.772,coral,Sr/Ca,1798,2010,  1,yes,Zinke,2014,'10.1038/ncomms4607'
Ocean2kHR_026,Ocean2kHR-IndianAbrolhosZinke2014HAB10A,-28.4589,113.749,coral,d18O,1848,2010,  1,yes,Zinke,2014,'10.1038/ncomms4607'
Ocean2kHR_027,Ocean2kHR-IndianAbrolhosZinke2014HAB10A,-28.4589,113.749,coral,Sr/Ca,1848,2010,  1,yes,Zinke,2014,'10.1038/ncomms4607'
Ocean2kHR_014,Ocean2kHR-IndianAqabaHeiss1994AQ18,29.42,34.97,coral,d18O,1788,1992,  1,yes,Heiss,1999,'NaN'
Ocean2kHR_016,Ocean2kHR-IndianAqabaHeiss1994AQ19,29.42,34.97,coral,d18O,1886,1992,  1,no,Heiss,1999,'NaN'
Ocean2kHR_006,Ocean2kHR-IndianBaliCharles2003,-8.2473,115.5757,coral,d18O,1782,1990,<1,yes,Tierney,2003,'10.1002/2014PA002717'
Ocean2kHR_021,Ocean2kHR-IndianIfatyTulearZinke2014if1,-23.15,43.58,coral,d18O,1882,1994,  1,no,Zinke,2014,'10.1038/srep04393'
Ocean2kHR_020,Ocean2kHR-IndianIfatyTulearZinke2014if4,-23.15,43.58,coral,d18O,1660,1996,<1,yes,Tierney,2014,'10.1002/2014PA002717'
Ocean2kHR_022,Ocean2kHR-IndianIfatyTulearZinke2014tul3,-23.3572,43.6195,coral,d18O,1905,1994,  1,no,Zinke,2014,'10.1038/srep04393'
Ocean2kHR_012,Ocean2kHR-IndianKenyaNakamura2009,-3.2,40.1,coral,d18O,1887,2003,<1,no,Tierney,2009,'10.1002/2014PA002717'
Ocean2kHR_007,Ocean2kHR-IndianMafiaDamassa2006,-8.0167,39.5,coral,d18O,1622,1998,<1,yes,Tierney,2006,'10.1002/2014PA002717'
Ocean2kHR_001,Ocean2kHR-IndianMalindiCole2000,-3.2,40.1,coral,d18O,1801,1994,  1,yes,Tierney,2000,'10.1002/2014PA002717'
Ocean2kHR_002,Ocean2kHR-IndianMayotteZinke20082009,-12.65,45.1,coral,d18O,1866,1994,<1,no,Zinke,2008,'10.1029/2008GL035634'
Ocean2kHR_003,Ocean2kHR-IndianMayotteZinke20082009,-12.65,45.1,coral,Sr/Ca,1882,1994,<1,no,Zinke,2008,'10.1029/2008GL035634'
Ocean2kHR_010,Ocean2kHR-IndianMentawaiAbram2008,-0.13,98.52,coral,d18O,1858,1998,<1,no,Tierney,2008,'10.1002/2014PA002717'
Ocean2kHR_008,Ocean2kHR-IndianNingalooKuhnert2000,-21.905,113.965,coral,d18O,1879,1995,<1,no,Kuhnert,2000,'NaN'
Ocean2kHR_019,Ocean2kHR-IndianRedSeaFelis2000,27.85,34.32,coral,d18O,1751,1996,<1,yes,Tierney,2000,'10.1002/2014PA002717'
Ocean2kHR_013,Ocean2kHR-IndianReunionPfeiffer2004,-21.0333,55.25,coral,d18O,1832,1996,<1,yes,Pfeiffer,2004,'10.1029/2003PA000964'
Ocean2kHR_018,Ocean2kHR-IndianRusUmSiddMoustafa2000Rus93a,27.8483,34.31,coral,d18O,1897,1993,<1,no,Moustafa,2000,'http://nbn-resolving.de/urn:nbn:de:gbv:46-ep000102745'
Ocean2kHR_011,Ocean2kHR-IndianSeychellesCharles1997,-4.62,55,coral,d18O,1847,1995,<1,yes,Tierney,1997,'10.1002/2014PA002717'
Ocean2kHR_092,Ocean2kHR-IndianWAGrowthAbrolhosCooper2012,-28.4667,113.7667,coral,calcificationRate,1900,2010,  1,no,Cooper,2012,'10.1126/science.1214570'
Ocean2kHR_058,Ocean2kHR-IndianWAGrowthBundegiCooper2012,-21.8333,114.1833,coral,calcificationRate,1900,2008,  1,no,Cooper,2012,'10.1126/science.1214570'
Ocean2kHR_038,Ocean2kHR-IndianWAGrowthClerkeCooper2012,-17.2667,119.3667,coral,calcificationRate,1900,2010,  1,no,Cooper,2012,'10.1126/science.1214570'
Ocean2kHR_084,Ocean2kHR-IndianWAGrowthCoralBayCooper2012,-23.0333,113.8167,coral,calcificationRate,1900,2010,  1,no,Cooper,2012,'10.1126/science.1214570'
Ocean2kHR_048,Ocean2kHR-IndianWAGrowthImperieuseCooper2012,-17.5167,118.9667,coral,calcificationRate,1900,2010,  1,no,Cooper,2012,'10.1126/science.1214570'
Ocean2kHR_074,Ocean2kHR-IndianWAGrowthTantabiddiCooper2012,-21.9,113.9667,coral,calcificationRate,1900,2010,  1,no,Cooper,2012,'10.1126/science.1214570'
Ocean2kHR_143,Ocean2kHR-PacificAlibert2008Papua,-2.5,150.5,coral,Sr/Ca,1823,1997,<1,yes,Tierney,2008,'10.1002/2014PA002717'
Ocean2kHR_171,Ocean2kHR-PacificBunakenCharles2003,-1.5,124.833,coral,d18O,1860,1991,<1,no,Tierney,2003,'10.1002/2014PA002717'
Ocean2kHR_185,Ocean2kHR-PacificClippertonClipp2bWu2014,10.2773,-109.2131,coral,Sr/Ca,1935,1994,<1,no,Wu,2014,'10.1016/j.palaeo.2014.07.039'
Ocean2kHR_187,Ocean2kHR-PacificClippertonClipp4bWu2014,10.2773,-109.2131,coral,Sr/Ca,1894,1994,<1,no,Wu,2014,'10.1016/j.palaeo.2014.07.039'
Ocean2kHR_186,Ocean2kHR-PacificClippertonClipp6aWu2014,10.2773,-109.2131,coral,Sr/Ca,1942,1994,<1,no,Wu,2014,'10.1016/j.palaeo.2014.07.039'
Ocean2kHR_188,Ocean2kHR-PacificClippertonClippf1bWu2014,10.2773,-109.2131,coral,d18O,1874,1957,<1,no,Wu,2014,'10.1016/j.palaeo.2014.07.039'
Ocean2kHR_189,Ocean2kHR-PacificClippertonClippf1bWu2014,10.2773,-109.2131,coral,Sr/Ca,1874,1957,<1,no,Wu,2014,'10.1016/j.palaeo.2014.07.039'
Ocean2kHR_169,Ocean2kHR-PacificClippertonLinsley2000,10.2773,-109.2131,coral,d18O,1894,1994,<1,no,Linsley,2000,'10.1029/1999PA000428'
Ocean2kHR_193,Ocean2kHR-PacificCoralSeaCalvo2007,-17.73,148.43,coral,d18O,1708,1988,  5,yes,Calvo,2007,'10.1016/j.palaeo.2006.12.003'
Ocean2kHR_194,Ocean2kHR-PacificCoralSeaCalvo2007,-17.73,148.43,coral,Sr/Ca,1708,1988,  5,yes,Calvo,2007,'10.1016/j.palaeo.2006.12.003'
Ocean2kHR_163,Ocean2kHR-PacificFelis2009OgasawaraJapan,27.1059,142.1941,coral,d18O,1872,1995,<1,no,Felis,2009,'oi:10.1130/G25581A.1'
Ocean2kHR_164,Ocean2kHR-PacificFelis2009OgasawaraJapan,27.1059,142.1941,coral,Sr/Ca,1872,1995,<1,no,Felis,2009,'oi:10.1130/G25581A.1'
Ocean2kHR_167,Ocean2kHR-PacificGBRDruffel1999,-22.1,153,coral,d18O,1638,1983,  1,yes,Druffel,1999,'10.1029/1999JC900212'
Ocean2kHR_190,Ocean2kHR-PacificGBRWei2009,-16.7167,146.0333,coral,d18O,1807,2004,  5,yes,Wei,2009,'10.1016/j.gca.2009.02.009'
Ocean2kHR_173,Ocean2kHR-PacificGalapagosDunbar1994,-0.4,-91.23,coral,d18O,1607,1981,  1,yes,Tierney,1994,'10.1002/2014PA002717'
Ocean2kHR_154,Ocean2kHR-PacificGorman2012Vanuatu,-15.94,166.04,coral,d18O,1843,2008,<1,yes,Gorman,2012,'10.1029/2012PA002302'
Ocean2kHR_166,Ocean2kHR-PacificGuamAsami2005,13.5982,144.8359,coral,d18O,1790,2000,<1,yes,Tierney,2005,'10.1002/2014PA002717'
Ocean2kHR_135,Ocean2kHR-PacificKiritimatiEvans1998,1.6792,-157.2473,coral,d18O,1938,1994,<1,no,Evans,1998,'10.1038/29424'
Ocean2kHR_141,Ocean2kHR-PacificLiangTudhope2001,-4.15,144.8833,coral,d18O,1885,1993,<1,no,Tierney,2001,'10.1002/2014PA002717'
Ocean2kHR_157,Ocean2kHR-PacificLinsley2006Fiji1F,-16.8167,179.2333,coral,d18O,1782,1997,  1,yes,Tierney,2006,'10.1002/2014PA002717'
Ocean2kHR_158,Ocean2kHR-PacificLinsley2006Fiji1F,-16.8167,179.2333,coral,Sr/Ca,1782,1997,  1,yes,Tierney,2006,'10.1002/2014PA002717'
Ocean2kHR_156,Ocean2kHR-PacificLinsley2006FijiAB,-16.8167,179.2333,coral,d18O,1618,2002,  1,yes,Tierney,2006,'10.1002/2014PA002717'
Ocean2kHR_149,Ocean2kHR-PacificLinsley2006RarotongaSrCa2R,-21.2378,-159.8278,coral,Sr/Ca,1727,1997,<1,yes,Tierney,2006,'10.1002/2014PA002717'
Ocean2kHR_147,Ocean2kHR-PacificLinsley2006Rarotongad18O2R,-21.2378,-159.8278,coral,d18O,1727,1997,<1,yes,Linsley,2006,'10.1029/2005GC001115'
Ocean2kHR_150,Ocean2kHR-PacificLinsley2006Rarotongad18O3R,-21.2378,-159.8278,coral,d18O,1875,2000,<1,no,Linsley,2006,'10.1029/2005GC001115'
Ocean2kHR_152,Ocean2kHR-PacificLinsley2006Rarotongad18O99,-21.2378,-159.8278,coral,d18O,1907,2000,<1,no,Linsley,2006,'10.1029/2005GC001115'
Ocean2kHR_140,Ocean2kHR-PacificMadangTudhope2001,-5.2167,145.8167,coral,d18O,1881,1993,<1,no,Tierney,2001,'10.1002/2014PA002717'
Ocean2kHR_177,Ocean2kHR-PacificMaianaUrban2000,1,173,coral,d18O,1840,1995,<1,yes,Tierney,2000,'10.1002/2014PA002717'
Ocean2kHR_132,Ocean2kHR-PacificMooreaBoiseau2003,-17.5,-149.8333,coral,d18O,1853,1991,  1,no,Tierney,1998,'10.1002/2014PA002717'
Ocean2kHR_179,Ocean2kHR-PacificNauruGuilderson1999,-0.53296,166.9283,coral,d18O,1898,1995,<1,no,Guilderson,1999,'NaN'
Ocean2kHR_134,Ocean2kHR-PacificNewCaledoniaDelong2012,-22.475,166.4667,coral,Sr/Ca,1649,2000,<1,yes,Tierney,2012,'10.1002/2014PA002717'
Ocean2kHR_161,Ocean2kHR-PacificNurhati2011,5.87,-162.13,coral,Sr/Ca,1886,1998,<1,no,Nurhati,2011,'10.1175/2011JCLI3852.1'
Ocean2kHR_172,Ocean2kHR-PacificPNGTudhope1995,-5.22,145.82,coral,d18O,1923,1991,<1,no,Tudhope,1995,'10.1016/0012-821X(95)00156-7'
Ocean2kHR_181,Ocean2kHR-PacificPalaurockislandsOsborne2014,7.2708,134.3837,coral,d18O,1899,2008,<1,no,Osborne,2014,'10.1007/s00338-014-1146-1'
Ocean2kHR_183,Ocean2kHR-PacificPalauulongchannelOsborne2014,7.2859,134.2503,coral,d18O,1793,2008,<1,yes,Osborne,2014,'10.1007/s00338-014-1146-1'
Ocean2kHR_139,Ocean2kHR-PacificPalmyracombinedCobb2003,5.87,-162.13,coral,d18O,1886,1998,<1,no,Cobb,2003,'10.1038/nature01779http://dx.doi.org/10.1016/S0012-821X(03)00138-910.1126/science.1228246.10.1029/2001GL01291910.1002/2014PA002717'
Ocean2kHR_138,Ocean2kHR-PacificPanamaLinsley1994,7.95,-82,coral,d18O,1708,1985,<1,yes,Tierney,1994,'10.1002/2014PA002717'
Ocean2kHR_144,Ocean2kHR-PacificQuinn2008Rabaul,-4.1916,151.9772,coral,d18O,1867,1998,<1,no,Quinn,2006,'10.1029/2005JC003243'
Ocean2kHR_145,Ocean2kHR-PacificQuinn2008Rabaul,-4.1916,151.9772,coral,Sr/Ca,1867,1998,<1,no,Quinn,2006,'10.1029/2005JC003243'
Ocean2kHR_137,Ocean2kHR-PacificSCSSun2004,16.85,112.33,coral,Sr/Ca,1906,1994,<1,no,Sun,2004,'10.1029/2003PA000959'
Ocean2kHR_142,Ocean2kHR-PacificSuvaBagnato2005,-16.82,179.23,coral,d18O,1776,2001,  1,yes,Tierney,2005,'10.1002/2014PA002717'
Ocean2kHR_178,Ocean2kHR-PacificTarawaCole1990,1,172,coral,d18O,1894,1990,<1,no,Tierney,1990,'10.1002/2014PA002717'
Ocean2kHR_174,Ocean2kHR-PacificVanuatuKilbourne2004,-15.7,167.2,coral,d18O,1929,1992,<1,no,Kilbourne,2004,'10.1029/2004PA001033'
Ocean2kHR_175,Ocean2kHR-PacificVanuatuKilbourne2004,-15.7,167.2,coral,Sr/Ca,1929,1992,<1,no,Kilbourne,2004,'10.1029/2004PA001033'
Ocean2kHR_159,Ocean2kHR-PacificWu2013Tonga,-19.9333,-174.7167,coral,Sr/Ca,1791,2003,  1,yes,Tierney,2013,'10.1002/2014PA002717'
SAm_005,SAm-CAN12.Neukom.2011,-41,-71,tree,,1645,1992,  1,yes,Neukom,2011,'10.1007/s00382-00010-00793-00383'
SAm_010,SAm-CAN15.Neukom2011,-41.17,-71.92,tree,,1582,1991,  1,yes,Neukom,2011,'10.1007/s00382-00010-00793-00388'
SAm_015,SAm-CAN6.Neukom.2014,-38.5,-71.5,tree,,1436,2006,  1,yes,Neukom,2014,'10.1038/NCLIMATE2174'
SAm_020,SAm-CAN9.Neukom.2014,-39.33,-71.25,tree,,1636,2006,  1,yes,Neukom,2014,'10.1038/NCLIMATE2174'
SAm_025,SAm-LagunaChepical.deJong.2013,-32.2667,-70.5,lake sediment,,-1161,2005,  1,yes,de,2013,'10.5194/cp-9-1921-2013'
SAm_032,SAm-LagunaEscondida.Elbert.2013,-45.5167,-71.8167,lake sediment,,400,2008,  1,yes,Elbert,2013,'10.1016/j.palaeo.2012.11.013'
SAm_035,SAm-QuelccayaIce.Thompson.2013,-13.9333,-70.8333,glacier ice,,226,2009,  1,yes,Thompson,2013,'10.1126/science.1234210'
SAm_051,SAm-chil017.Szeicz.2000,-43,-72.5,tree,,1646,1986,  1,yes,Szeicz,2000,'NA (Book Chapter: Dendrochronological studies of Pilgerodendron uviferum in southern South America. In: Dendrochronolog?a en Am?rica Latina. F. Roig. Mendoza Editorial Nacional de Cuyo: 245-270.)'